gas,year,measurement_count,cities_covered,months_covered,expected_months_in_window,completeness_percent,mean_concentration,std_concentration,temporal_cv_percent,spatial_cv_percent,monthly_cv_percent,running_interannual_cv_percent,ci95_lower,ci95_upper
CH4,2018,4,3,2,7,5.714285714285714,1891.9767789574464,6.44286770023933,0.38482833492150675,0.2927239327927821,0.39436283681956297,,1885.662768611212,1898.2907893036809
CH4,2019,30,9,11,12,25.0,1877.6998704171167,15.09552182210439,0.7822257405270311,0.506081903740618,0.5561174907358887,0.5356055588970503,1872.2980073085216,1883.1017335257118
CH4,2020,28,8,8,12,23.333333333333332,1897.8474159637,18.38562206820547,0.8597007747098694,0.6909101589837364,0.8387919027590155,0.5484899998461972,1891.037286246863,1904.6575456805372
CH4,2021,66,10,11,12,55.00000000000001,1912.6580311546677,18.728171172022254,0.9967953017666324,0.2605592050833994,0.9419609517515877,0.7636898964922829,1908.1396852694222,1917.1763770399132
CH4,2022,75,10,11,12,62.5,1911.3533037920533,13.71960532063678,0.6954141137137309,0.2813684904572246,0.6161136840568525,0.7638815523934053,1908.2482648046357,1914.458342779471
CH4,2023,105,10,12,12,87.5,1918.4495410236746,14.916550598503097,0.7255462318804067,0.3139955929207011,0.6161659455076076,0.8075580828353276,1915.5963567114995,1921.3027253358496
CH4,2024,109,10,12,12,90.83333333333333,1929.521619467727,17.777600480095096,0.8830824818997034,0.33712672901861296,0.7551566366471626,0.9200397784964041,1926.18416027424,1932.8590786612142
CH4,2025,105,10,12,12,87.5,1936.598996817142,16.917685913109313,0.8259761024482367,0.35637731140665724,0.7775910670335043,1.0252357735283897,1933.3630425174642,1939.8349511168199
CH4,2026,45,10,5,5,90.0,1924.2666912512373,15.82451240948606,0.705097427898896,0.42209952986108146,0.29021248023180024,0.9921480769758259,1919.6430923513396,1928.8902901511349
CO,2018,60,10,6,7,85.71428571428571,0.03220343760729025,0.0027880583415037987,6.9781698630837,5.209378483642199,6.33168060273581,,0.031497961510330186,0.03290891370425031
CO,2019,120,10,12,12,100.0,0.0333576315701164,0.0029700505948976556,7.517365907106595,4.710331552446401,6.626584288497329,2.4897042960372997,0.032826222092249085,0.03388904104798371
CO,2020,120,10,12,12,100.0,0.03418294209057411,0.003674998518781214,9.612139505940293,4.769646156731991,9.088286973201482,2.990541423679317,0.03352540142531283,0.03484048275583539
CO,2021,120,10,12,12,100.0,0.03501346185231011,0.003829585995594285,9.717853346634472,5.304024584195926,8.538760867165198,3.5598423945958073,0.03432826197798377,0.035698661726636445
CO,2022,120,10,12,12,100.0,0.03187722715272459,0.004027116230298702,11.275890692712796,5.678084114630809,10.343673518833233,3.952898790948779,0.031156684635054867,0.032597769670394315
CO,2023,120,10,12,12,100.0,0.0338856277069168,0.0032919290073991723,7.049234964485635,5.027664914415478,6.311794518276114,3.5911751148959956,0.033296626873731146,0.03447462854010245
CO,2024,120,10,12,12,100.0,0.03475686889281479,0.003340817598366696,7.8730580552922,5.021960289171431,6.952004970922101,3.589594638881265,0.03415912078083047,0.03535461700479911
CO,2025,120,10,12,12,100.0,0.033932374121832275,0.004391803295868662,10.116632929703425,7.184339494799867,8.54195365860691,3.33647780536953,0.03314658080896316,0.03471816743470139
CO,2026,50,10,5,5,100.0,0.03298314097397678,0.004256759261253494,9.080022827562113,7.638177604376908,8.465617258885489,3.1974259813848334,0.031803227504888475,0.03416305444306509
NO2,2018,70,10,7,7,100.0,7.244886689229068e-05,5.719828024890906e-05,36.961777993576646,65.58044628171866,34.123060719470885,,5.9049322784479074e-05,8.584841100010229e-05
NO2,2019,120,10,12,12,100.0,7.344547057506688e-05,6.82364874510836e-05,39.33738420616365,79.11437233559457,33.825354881959065,0.9660487644411831,6.123641385725383e-05,8.565452729287994e-05
NO2,2020,120,10,12,12,100.0,7.465088084286864e-05,7.13870780588337e-05,54.01175033825888,70.99167733284318,51.10015961677733,1.499904320402253,6.187811194024824e-05,8.742364974548904e-05
NO2,2021,120,10,12,12,100.0,0.00010012560418481949,9.983910523821723e-05,47.02562056202053,81.8993432743803,44.59472821700069,16.634742356687774,8.226212169851893e-05,0.00011798908667112005
NO2,2022,120,10,12,12,100.0,9.555169991856228e-05,9.153009852750798e-05,42.876788519292326,79.4772105498418,40.84479432851019,16.148800523686642,7.917488736486136e-05,0.00011192851247226321
NO2,2023,120,10,12,12,100.0,9.063693555782319e-05,7.86275379529103e-05,38.815651539386785,73.0954923265506,33.937873243013755,14.674766387211621,7.656868400637502e-05,0.00010470518710927136
NO2,2024,120,10,12,12,100.0,9.372956887257867e-05,7.946653482106916e-05,41.934951610903546,70.92092341163003,39.502277049926086,13.805272733299242,7.951120173441068e-05,0.00010794793601074665
NO2,2025,120,10,12,12,100.0,9.912973436062268e-05,8.98699340031944e-05,47.92274081143809,71.57070964712054,45.85606191195474,13.646721967089945,8.304996292957298e-05,0.00011520950579167238
NO2,2026,50,10,5,5,100.0,9.314294058813725e-05,7.627366132348096e-05,34.40046401687869,73.05231686199288,30.268317353813927,12.854731387232698,7.200096031421553e-05,0.00011428492086205898
