year,macro_zone,represented_population,factor_no2_proxy,score_no2_proxy,mean_no2_concentration,months_no2_covered,cities_no2_covered,factor_co_proxy,score_co_proxy,mean_co_concentration,months_co_covered,cities_co_covered,factor_ch4_proxy,score_ch4_proxy,mean_ch4_concentration,months_ch4_covered,cities_ch4_covered,population_share_proxy,no2_proxy_source,co_proxy_source,ch4_proxy_source,factor_combustion_proxy,factor_total_proxy,year_quality_note,region,boundary_feature_count,factor_total,factor_co2,factor_ch4,factor_n2o,estimated_total_gg_2022,estimated_co2_gg_2022,estimated_ch4_gg_2022,estimated_n2o_gg_2022,mapping_basis,within_macro_static_share,factor_total_admin_proxy,factor_combustion_admin_proxy,factor_no2_admin_proxy,factor_co_admin_proxy,factor_ch4_admin_proxy,admin_rank_in_year
2018,Tashkent,2500000,0.739833584336635,494.0843789426429,0.000197633751577,7.0,1.0,0.4872156588378501,83616.59380143105,0.0334466375205724,6.0,1.0,0.2588221943559096,,,,,0.4761904761904761,observed,observed,co_fallback,0.5377392439376071,0.435419495978237,CO stable; CH4 very stable; CH4 lower coverage,Toshkent viloyati,16,0.0334679592529259,0.0334679592529259,0.0334679592529259,0.0334679592529259,6395.475099904853,4049.317339796266,1977.298712980644,368.8590471279433,direct Tashkent observation province,0.7653682288496674,0.3332562484434781,0.41156853271548555,0.5662451200872314,0.3728993858725491,0.1980942844811669,1
2018,Karakalpakstan,260000,0.0101318948822645,6.7664013859338565,2.6024620715130215e-05,7.0,1.0,0.0479670884077802,8232.174960874032,0.031662211387977,6.0,1.0,0.212295972404154,491450464.7701463,1890.1940952697933,1.0,1.0,0.0495238095238095,observed,observed,observed,0.0404000497026771,0.1034594701018115,CO stable; CH4 very stable; CH4 lower coverage,Qoraqalpog‘iston respublikasi,16,0.380250577205858,0.3802505772058579,0.3802505772058579,0.3802505772058579,72663.02315794483,46006.84625288603,22465.336808773533,4190.840096285257,direct Karakalpakstan observation province,1.0,0.1034594701018115,0.0404000497026771,0.0101318948822645,0.0479670884077802,0.212295972404154,2
2018,Tashkent,2500000,0.739833584336635,494.0843789426429,0.000197633751577,7.0,1.0,0.4872156588378501,83616.59380143105,0.0334466375205724,6.0,1.0,0.2588221943559096,,,,,0.4761904761904761,observed,observed,co_fallback,0.5377392439376071,0.435419495978237,CO stable; CH4 very stable; CH4 lower coverage,Sirdaryo viloyati,12,0.0093084840944022,0.0093084840944022,0.0093084840944022,0.0093084840944022,1778.7812454804946,1126.241542420472,549.9484889582349,102.5912141017878,nearest corridor observation anchor is Tashkent,0.21287279367011502,0.09268896452732071,0.11447005512305389,0.15749044194871414,0.10371495841663882,0.055096203576371953,3
2018,Fergana Valley,1300000,0.1433046860163505,95.70342343061554,7.172295853127806e-05,7.0,4.0,0.2551558668682478,43790.186314752405,0.0337206688583884,6.0,4.0,0.1355457284011534,,,,,0.2476190476190476,observed,observed,co_fallback,0.2327856306978684,0.1971135113006663,CO stable; CH4 very stable; CH4 lower coverage,Namangan viloyati,12,0.016321452096904,0.016321452096904,0.016321452096904,0.016321452096904,3118.90664414843,1974.7466072604848,964.2770860718728,179.8829508160726,direct Fergana Valley observation province,0.4033876007235655,0.07951314639377319,0.09390283705013511,0.05780733346457951,0.10292671294652399,0.054677466168069316,4
2018,Fergana Valley,1300000,0.1433046860163505,95.70342343061554,7.172295853127806e-05,7.0,4.0,0.2551558668682478,43790.186314752405,0.0337206688583884,6.0,4.0,0.1355457284011534,,,,,0.2476190476190476,observed,observed,co_fallback,0.2327856306978684,0.1971135113006663,CO stable; CH4 very stable; CH4 lower coverage,Farg‘ona viloyati,6,0.0147644933563106,0.0147644933563106,0.0147644933563106,0.0147644933563106,2821.3835480494763,1786.3688224667817,872.2914202990157,162.7233052836792,direct Fergana Valley observation province,0.3649070876500571,0.07192811734520276,0.08494512654474089,0.052292895620832315,0.093108184275718,0.04946159699427051,5
2018,Khorezm,150000,0.0079557256695457,5.313086428754225,3.542057619169484e-05,7.0,1.0,0.0274412225185076,4709.4987920090325,0.0313966586133935,6.0,1.0,0.1230664336315559,284890265.79690814,1899.2684386460544,1.0,1.0,0.0285714285714285,observed,observed,observed,0.0235441231487153,0.0600535360376383,CO stable; CH4 very stable; CH4 lower coverage,Xorazm viloyati,16,0.014132394722309,0.014132394722309,0.014132394722309,0.014132394722309,2700.5942568981923,1709.8906619736117,834.946812399779,155.7567825248015,direct Khorezm observation province,1.0,0.0600535360376383,0.0235441231487153,0.0079557256695457,0.0274412225185076,0.1230664336315559,6
2018,Kashkadarya,240000,0.0183420697491856,12.249417074888326,5.103923781203469e-05,7.0,1.0,0.042157842740295,7235.184559478705,0.0301466023311612,6.0,1.0,0.1958647613613214,453413349.8296726,1889.222290956969,2.0,1.0,0.0457142857142857,observed,observed,observed,0.0373946881420731,0.0955288824310708,CO stable; CH4 very stable; CH4 lower coverage,Qashqadaryo viloyati,20,0.0609409619875842,0.0609409619875842,0.0609409619875842,0.0609409619875842,11645.359133206472,7373.29970480994,3600.413302622211,671.6461257743208,direct Kashkadarya observation province,0.588851742317089,0.056252348861140396,0.022019927265863933,0.010800759729509514,0.024824719149952552,0.11533530598613496,7
2018,Fergana Valley,1300000,0.1433046860163505,95.70342343061554,7.172295853127806e-05,7.0,4.0,0.2551558668682478,43790.186314752405,0.0337206688583884,6.0,4.0,0.1355457284011534,,,,,0.2476190476190476,observed,observed,co_fallback,0.2327856306978684,0.1971135113006663,CO stable; CH4 very stable; CH4 lower coverage,Andijon viloyati,14,0.0093750207927182,0.0093750207927182,0.0093750207927182,0.0093750207927182,1791.4959077069457,1134.2918751039635,553.8795003160492,103.32453228693284,direct Fergana Valley observation province,0.2317053116263775,0.04567224756169037,0.05393766710299243,0.033204456930938674,0.05912096964600585,0.03140666523881357,8
2018,Kashkadarya,240000,0.0183420697491856,12.249417074888326,5.103923781203469e-05,7.0,1.0,0.042157842740295,7235.184559478705,0.0301466023311612,6.0,1.0,0.1958647613613214,453413349.8296726,1889.222290956969,2.0,1.0,0.0457142857142857,observed,observed,observed,0.0373946881420731,0.0955288824310708,CO stable; CH4 very stable; CH4 lower coverage,Surxondaryo viloyati,16,0.0425502185730539,0.0425502185730539,0.0425502185730539,0.0425502185730539,8131.026493815416,5148.187751092867,2513.8817633223102,468.9569794002381,southern corridor anchored by Qarshi/Kashkadarya,0.41114825768291097,0.039276533569930404,0.015374760876209165,0.007541310019676088,0.017333123590342447,0.08052945537518642,9
2018,Samarkand,520000,0.0584662340596134,39.04560911540777,7.508770983732264e-05,7.0,1.0,0.0896074880063182,15378.555246075422,0.0295741447039912,6.0,1.0,0.0476019320311598,,,,,0.099047619047619,observed,observed,co_fallback,0.0833792372169772,0.0702544574490555,CO stable; CH4 very stable; CH4 lower coverage,Jizzax viloyati,24,0.0459835122061573,0.0459835122061573,0.0459835122061573,0.0459835122061573,8787.103064700286,5563.584917561032,2716.721949385533,506.79619775372106,nearest eastern-central observation anchor is Samarkand,0.5578785921859863,0.03919345781646936,0.046515491476148633,0.03261706034759349,0.04999009925828745,0.026556098826876436,10
2018,Samarkand,520000,0.0584662340596134,39.04560911540777,7.508770983732264e-05,7.0,1.0,0.0896074880063182,15378.555246075422,0.0295741447039912,6.0,1.0,0.0476019320311598,,,,,0.099047619047619,observed,observed,co_fallback,0.0833792372169772,0.0702544574490555,CO stable; CH4 very stable; CH4 lower coverage,Samarqand viloyati,12,0.0364421496676492,0.0364421496676492,0.0364421496676491,0.0364421496676491,6963.8205014272135,4409.167210748339,2153.014920674948,401.6383700039257,direct Samarkand observation province,0.44212140781401366,0.03106099963258613,0.03686374574082856,0.02584917371201991,0.039617388748030745,0.02104583320428336,11
2018,Central,280000,0.0219658052864049,14.66946282607544,5.2390938664555146e-05,7.0,1.0,0.0504548326210008,8659.124903030877,0.0309254460822531,6.0,1.0,0.0268029778147456,,,,,0.0533333333333333,observed,observed,co_fallback,0.0447570271540817,0.0381706467015204,CO stable; CH4 very stable; CH4 lower coverage,Navoiy viloyati,20,0.2481552700391901,0.2481552700391901,0.24815527003919,0.24815527003919,47420.604239771645,30024.520776350197,14661.099960104591,2734.9835033168542,nearest western-central observation anchor is Bukhara/Central,0.7396331184928111,0.028232274454732868,0.03310377956844087,0.016246637064189533,0.03731806519450363,0.01982437006601392,12
2018,Central,280000,0.0219658052864049,14.66946282607544,5.2390938664555146e-05,7.0,1.0,0.0504548326210008,8659.124903030877,0.0309254460822531,6.0,1.0,0.0268029778147456,,,,,0.0533333333333333,observed,observed,co_fallback,0.0447570271540817,0.0381706467015204,CO stable; CH4 very stable; CH4 lower coverage,Buxoro viloyati,14,0.0873560312190188,0.0873560312190188,0.0873560312190188,0.0873560312190188,16693.080037107517,10569.281780156098,5161.024811674528,962.7734452768924,direct Central observation province,0.2603668815071888,0.009938372246787529,0.01165324758564082,0.005719168222215366,0.013136767426497158,0.006978607748731678,13
2018,Tashkent,2500000,0.739833584336635,494.0843789426429,0.000197633751577,7.0,1.0,0.4872156588378501,83616.59380143105,0.0334466375205724,6.0,1.0,0.2588221943559096,,,,,0.4761904761904761,observed,observed,co_fallback,0.5377392439376071,0.435419495978237,CO stable; CH4 very stable; CH4 lower coverage,Toshkent shahri,6,0.0009514747859181,0.0009514747859181,0.0009514747859181,0.0009514747859181,181.81966983824924,115.1197573739296,56.21346241674594,10.48645004757374,direct Tashkent observation province,0.02175897748021753,0.009474283007438127,0.011700656099067595,0.01609802230068946,0.010601314548662128,0.005631706298370722,14
2019,Tashkent,2500000,0.776714234346966,577.2818832205,0.0002309127532882,12.0,1.0,0.4822079644063851,84970.70041004028,0.0339882801640161,12.0,1.0,0.4795025871056081,4714747849.653847,1885.8991398615383,2.0,1.0,0.4761904761904761,observed,observed,observed,0.5411092183945012,0.5185090403288036,CO stable; CH4 very stable; CH4 lower coverage,Toshkent viloyati,16,0.0334679592529259,0.0334679592529259,0.0334679592529259,0.0334679592529259,6395.475099904853,4049.317339796266,1977.298712980644,368.8590471279433,direct Tashkent observation province,0.7653682288496674,0.3968503458389972,0.4141478040968272,0.5944723978644628,0.3690666556549184,0.36699604582185263,1
2019,Tashkent,2500000,0.776714234346966,577.2818832205,0.0002309127532882,12.0,1.0,0.4822079644063851,84970.70041004028,0.0339882801640161,12.0,1.0,0.4795025871056081,4714747849.653847,1885.8991398615383,2.0,1.0,0.4761904761904761,observed,observed,observed,0.5411092183945012,0.5185090403288036,CO stable; CH4 very stable; CH4 lower coverage,Sirdaryo viloyati,12,0.0093084840944022,0.0093084840944022,0.0093084840944022,0.0093084840944022,1778.7812454804946,1126.241542420472,549.9484889582349,102.5912141017878,nearest corridor observation anchor is Tashkent,0.21287279367011502,0.11037646795800277,0.11518743100028987,0.16534132894878306,0.10264895651316658,0.10207305528921848,2
2019,Fergana Valley,1300000,0.1293219776974933,96.11673318923522,7.128209705353819e-05,12.0,4.0,0.2566028950912732,45216.44048328967,0.0348373607379408,12.0,4.0,0.2489911521957873,2448225579.937005,1885.9117962175665,2.5,4.0,0.2476190476190476,observed,observed,observed,0.2311467116125172,0.2376928824747662,CO stable; CH4 very stable; CH4 lower coverage,Namangan viloyati,12,0.016321452096904,0.016321452096904,0.016321452096904,0.016321452096904,3118.90664414843,1974.7466072604848,964.2770860718728,179.8829508160726,direct Fergana Valley observation province,0.4033876007235655,0.09588236157056436,0.09324171741251523,0.052166882304218266,0.10351042618958949,0.10043994348565477,3
2019,Fergana Valley,1300000,0.1293219776974933,96.11673318923522,7.128209705353819e-05,12.0,4.0,0.2566028950912732,45216.44048328967,0.0348373607379408,12.0,4.0,0.2489911521957873,2448225579.937005,1885.9117962175665,2.5,4.0,0.2476190476190476,observed,observed,observed,0.2311467116125172,0.2376928824747662,CO stable; CH4 very stable; CH4 lower coverage,Farg‘ona viloyati,6,0.0147644933563106,0.0147644933563106,0.0147644933563106,0.0147644933563106,2821.3835480494763,1786.3688224667817,872.2914202990157,162.7233052836792,direct Fergana Valley observation province,0.3649070876500571,0.08673581749901423,0.08434707335441129,0.04719050625073791,0.09363621513032963,0.09085863619839686,4
2019,Fergana Valley,1300000,0.1293219776974933,96.11673318923522,7.128209705353819e-05,12.0,4.0,0.2566028950912732,45216.44048328967,0.0348373607379408,12.0,4.0,0.2489911521957873,2448225579.937005,1885.9117962175665,2.5,4.0,0.2476190476190476,observed,observed,observed,0.2311467116125172,0.2376928824747662,CO stable; CH4 very stable; CH4 lower coverage,Andijon viloyati,14,0.0093750207927182,0.0093750207927182,0.0093750207927182,0.0093750207927182,1791.4959077069457,1134.2918751039635,553.8795003160492,103.32453228693284,direct Fergana Valley observation province,0.2317053116263775,0.05507470340518762,0.05355792084559071,0.029964589142537124,0.05945625377135411,0.057692572511735686,5
2019,Samarkand,520000,0.045296867011224,33.66625656630739,6.474280108905268e-05,12.0,1.0,0.090359846184009,15922.46496519518,0.0306201249330676,12.0,1.0,0.0990930582429711,974340484.9738032,1873.7317018726983,1.0,1.0,0.099047619047619,observed,observed,observed,0.081347250349452,0.0878572381530783,CO stable; CH4 very stable; CH4 lower coverage,Jizzax viloyati,24,0.0459835122061573,0.0459835122061573,0.0459835122061573,0.0459835122061573,8787.103064700286,5563.584917561032,2716.721949385533,506.79619775372106,nearest eastern-central observation anchor is Samarkand,0.5578785921859863,0.049013672334188255,0.04538188950315327,0.02527015239865749,0.05040982377927721,0.055281895827992665,6
2019,Karakalpakstan,260000,0.0093766927646504,6.969094447082624,2.6804209411856246e-05,12.0,1.0,0.0489620254219924,8627.68328333693,0.0331833972436035,12.0,1.0,0.0494839880707251,486555302.5626617,1871.3665483179293,10.0,1.0,0.0495238095238095,observed,observed,observed,0.041044958890524,0.0441407873457402,CO stable; CH4 very stable; CH4 lower coverage,Qoraqalpog‘iston respublikasi,16,0.380250577205858,0.3802505772058579,0.3802505772058579,0.3802505772058579,72663.02315794483,46006.84625288603,22465.336808773533,4190.840096285257,direct Karakalpakstan observation province,1.0,0.0441407873457402,0.041044958890524,0.0093766927646504,0.0489620254219924,0.0494839880707251,7
2019,Samarkand,520000,0.045296867011224,33.66625656630739,6.474280108905268e-05,12.0,1.0,0.090359846184009,15922.46496519518,0.0306201249330676,12.0,1.0,0.0990930582429711,974340484.9738032,1873.7317018726983,1.0,1.0,0.099047619047619,observed,observed,observed,0.081347250349452,0.0878572381530783,CO stable; CH4 very stable; CH4 lower coverage,Samarqand viloyati,12,0.0364421496676492,0.0364421496676492,0.0364421496676491,0.0364421496676491,6963.8205014272135,4409.167210748339,2153.014920674948,401.6383700039257,direct Samarkand observation province,0.44212140781401366,0.03884356581889005,0.035965360846298734,0.02002671461256651,0.039950022404731785,0.043811162414978434,8
2019,Central,280000,0.0171374395942563,12.737159903948005,4.54898567998143e-05,12.0,1.0,0.0509230202380655,8973.233575579217,0.0320472627699257,12.0,1.0,0.0484555188700024,,,,,0.0533333333333333,observed,observed,co_fallback,0.0441659041093036,0.0457395343402836,CO stable; CH4 very stable; CH4 lower coverage,Navoiy viloyati,20,0.2481552700391901,0.2481552700391901,0.24815527003919,0.24815527003919,47420.604239771645,30024.520776350197,14661.099960104591,2734.9835033168542,nearest western-central observation anchor is Bukhara/Central,0.7396331184928111,0.03383047442251298,0.03266656538741868,0.012675417890081964,0.037664352261752916,0.03583930653000713,9
2019,Khorezm,150000,0.0068745786164452,5.109433449981188,3.406288966654125e-05,12.0,1.0,0.0279196784215995,4919.774881003587,0.0327984992066905,12.0,1.0,0.0286575324981049,281777498.9232072,1878.516659488048,4.0,1.0,0.0285714285714285,observed,observed,observed,0.0237106584605687,0.0255254019675238,CO stable; CH4 very stable; CH4 lower coverage,Xorazm viloyati,16,0.014132394722309,0.014132394722309,0.014132394722309,0.014132394722309,2700.5942568981923,1709.8906619736117,834.946812399779,155.7567825248015,direct Khorezm observation province,1.0,0.0255254019675238,0.0237106584605687,0.0068745786164452,0.0279196784215995,0.0286575324981049,10
2019,Kashkadarya,240000,0.0152782099689645,11.355313747452389,4.731380728105161e-05,12.0,1.0,0.0430245702366752,7581.434023703272,0.0315893084320969,12.0,1.0,0.0458161630168008,450491116.9859368,1877.0463207747368,3.0,1.0,0.0457142857142857,observed,observed,observed,0.037475298183133,0.0405351153898043,CO stable; CH4 very stable; CH4 lower coverage,Qashqadaryo viloyati,20,0.0609409619875842,0.0609409619875842,0.0609409619875842,0.0609409619875842,11645.359133206472,7373.29970480994,3600.413302622211,671.6461257743208,direct Kashkadarya observation province,0.588851742317089,0.023869173322310512,0.02206739462899031,0.008996600559711064,0.02533509314631016,0.026978927418726928,11
2019,Kashkadarya,240000,0.0152782099689645,11.355313747452389,4.731380728105161e-05,12.0,1.0,0.0430245702366752,7581.434023703272,0.0315893084320969,12.0,1.0,0.0458161630168008,450491116.9859368,1877.0463207747368,3.0,1.0,0.0457142857142857,observed,observed,observed,0.037475298183133,0.0405351153898043,CO stable; CH4 very stable; CH4 lower coverage,Surxondaryo viloyati,16,0.0425502185730539,0.0425502185730539,0.0425502185730539,0.0425502185730539,8131.026493815416,5148.187751092867,2513.8817633223102,468.9569794002381,southern corridor anchored by Qarshi/Kashkadarya,0.41114825768291097,0.01666594206749379,0.01540790355414269,0.0062816094092534355,0.017689477090365037,0.01883723559807387,12
2019,Central,280000,0.0171374395942563,12.737159903948005,4.54898567998143e-05,12.0,1.0,0.0509230202380655,8973.233575579217,0.0320472627699257,12.0,1.0,0.0484555188700024,,,,,0.0533333333333333,observed,observed,co_fallback,0.0441659041093036,0.0457395343402836,CO stable; CH4 very stable; CH4 lower coverage,Buxoro viloyati,14,0.0873560312190188,0.0873560312190188,0.0873560312190188,0.0873560312190188,16693.080037107517,10569.281780156098,5161.024811674528,962.7734452768924,direct Central observation province,0.2603668815071888,0.011909059917770613,0.011499338721884913,0.004462021704174336,0.013258667976312576,0.012616212339995264,13
2019,Tashkent,2500000,0.776714234346966,577.2818832205,0.0002309127532882,12.0,1.0,0.4822079644063851,84970.70041004028,0.0339882801640161,12.0,1.0,0.4795025871056081,4714747849.653847,1885.8991398615383,2.0,1.0,0.4761904761904761,observed,observed,observed,0.5411092183945012,0.5185090403288036,CO stable; CH4 very stable; CH4 lower coverage,Toshkent shahri,6,0.0009514747859181,0.0009514747859181,0.0009514747859181,0.0009514747859181,181.81966983824924,115.1197573739296,56.21346241674594,10.48645004757374,direct Tashkent observation province,0.02175897748021753,0.011282226531803642,0.011773983297384062,0.016900507533720036,0.01049235223830007,0.010433485994536973,14
2020,Tashkent,2500000,0.7541554720533794,537.1327392971352,0.0002148530957188,12.0,1.0,0.480187716262596,86569.3553182785,0.0346277421273114,12.0,1.0,0.3135692388579598,,,,,0.4761904761904761,observed,observed,co_fallback,0.5349812674207527,0.4537570360885551,NO2 high variability; CO stable; CH4 very stable; CH4 lower coverage,Toshkent viloyati,16,0.0334679592529259,0.0334679592529259,0.0334679592529259,0.0334679592529259,6395.475099904853,4049.317339796266,1977.298712980644,368.8590471279433,direct Tashkent observation province,0.7653682288496674,0.34729121903917204,0.40945766511357173,0.5772066379227798,0.3675204219112697,0.23999593296645497,1
2020,Fergana Valley,1300000,0.1389510062050752,98.96518338295982,7.479558236826977e-05,12.0,4.0,0.2580931870094157,46529.63842004345,0.0357729291284991,12.0,4.0,0.3451145515962412,2482906855.261963,1906.0393934913304,2.75,4.0,0.2476190476190476,observed,observed,observed,0.2342647508485476,0.2749296140788901,NO2 high variability; CO stable; CH4 very stable; CH4 lower coverage,Namangan viloyati,12,0.016321452096904,0.016321452096904,0.016321452096904,0.016321452096904,3118.90664414843,1974.7466072604848,964.2770860718728,179.8829508160726,direct Fergana Valley observation province,0.4033876007235655,0.11090319739113927,0.09449949577889946,0.05605111301119055,0.1041115914708267,0.1392149309431969,2
2020,Fergana Valley,1300000,0.1389510062050752,98.96518338295982,7.479558236826977e-05,12.0,4.0,0.2580931870094157,46529.63842004345,0.0357729291284991,12.0,4.0,0.3451145515962412,2482906855.261963,1906.0393934913304,2.75,4.0,0.2476190476190476,observed,observed,observed,0.2342647508485476,0.2749296140788901,NO2 high variability; CO stable; CH4 very stable; CH4 lower coverage,Farg‘ona viloyati,6,0.0147644933563106,0.0147644933563106,0.0147644933563106,0.0147644933563106,2821.3835480494763,1786.3688224667817,872.2914202990157,162.7233052836792,direct Fergana Valley observation province,0.3649070876500571,0.10032376478228192,0.08548486797120974,0.050704207000339,0.09418003321392743,0.12593474592863974,3
2020,Tashkent,2500000,0.7541554720533794,537.1327392971352,0.0002148530957188,12.0,1.0,0.480187716262596,86569.3553182785,0.0346277421273114,12.0,1.0,0.3135692388579598,,,,,0.4761904761904761,observed,observed,co_fallback,0.5349812674207527,0.4537570360885551,NO2 high variability; CO stable; CH4 very stable; CH4 lower coverage,Sirdaryo viloyati,12,0.0093084840944022,0.0093084840944022,0.0093084840944022,0.0093084840944022,1778.7812454804946,1126.241542420472,549.9484889582349,102.5912141017878,nearest corridor observation anchor is Tashkent,0.21287279367011502,0.09659252791964193,0.11388295695703451,0.16053918219760724,0.10221890064689133,0.06675035988470548,4
2020,Fergana Valley,1300000,0.1389510062050752,98.96518338295982,7.479558236826977e-05,12.0,4.0,0.2580931870094157,46529.63842004345,0.0357729291284991,12.0,4.0,0.3451145515962412,2482906855.261963,1906.0393934913304,2.75,4.0,0.2476190476190476,observed,observed,observed,0.2342647508485476,0.2749296140788901,NO2 high variability; CO stable; CH4 very stable; CH4 lower coverage,Andijon viloyati,14,0.0093750207927182,0.0093750207927182,0.0093750207927182,0.0093750207927182,1791.4959077069457,1134.2918751039635,553.8795003160492,103.32453228693284,direct Fergana Valley observation province,0.2317053116263775,0.06370265190546893,0.0542803870984384,0.03219568619354566,0.05980156232466159,0.07996487472440461,5
2020,Samarkand,520000,0.0542409495554041,38.632073751909054,7.429244952290203e-05,12.0,1.0,0.0907391987780355,16358.673231899042,0.0314589869844212,12.0,1.0,0.1373438139074358,988112194.925802,1900.215759472696,5.0,1.0,0.099047619047619,observed,observed,observed,0.0834395489335092,0.1032141407497464,NO2 high variability; CO stable; CH4 very stable; CH4 lower coverage,Jizzax viloyati,24,0.0459835122061573,0.0459835122061573,0.0459835122061573,0.0459835122061573,8787.103064700286,5563.584917561032,2716.721949385533,506.79619775372106,nearest eastern-central observation anchor is Samarkand,0.5578785921859863,0.05758095953515477,0.04654913809165983,0.030259864576799942,0.05062145647037482,0.07662117354813437,6
2020,Karakalpakstan,260000,0.0087855218465826,6.257319068124147,2.406661180047749e-05,12.0,1.0,0.0485271571582233,8748.58845476763,0.0336484171337216,12.0,1.0,0.0681418340394863,490242518.2717396,1885.5481471989983,3.0,1.0,0.0495238095238095,observed,observed,observed,0.0405788300958952,0.050690222069749,NO2 high variability; CO stable; CH4 very stable; CH4 lower coverage,Qoraqalpog‘iston respublikasi,16,0.380250577205858,0.3802505772058579,0.3802505772058579,0.3802505772058579,72663.02315794483,46006.84625288603,22465.336808773533,4190.840096285257,direct Karakalpakstan observation province,1.0,0.050690222069749,0.0405788300958952,0.0087855218465826,0.0485271571582233,0.0681418340394863,7
2020,Samarkand,520000,0.0542409495554041,38.632073751909054,7.429244952290203e-05,12.0,1.0,0.0907391987780355,16358.673231899042,0.0314589869844212,12.0,1.0,0.1373438139074358,988112194.925802,1900.215759472696,5.0,1.0,0.099047619047619,observed,observed,observed,0.0834395489335092,0.1032141407497464,NO2 high variability; CO stable; CH4 very stable; CH4 lower coverage,Samarqand viloyati,12,0.0364421496676492,0.0364421496676492,0.0364421496676491,0.0364421496676491,6963.8205014272135,4409.167210748339,2153.014920674948,401.6383700039257,direct Samarkand observation province,0.44212140781401366,0.04563318121459163,0.03689041084184937,0.02398108497860416,0.040117742307660686,0.06072264035930142,8
2020,Central,280000,0.01987984238606,14.15903562768812,5.056798438460043e-05,12.0,1.0,0.0511733254373865,9225.64581011564,0.0329487350361272,12.0,1.0,0.0334168912776953,,,,,0.0533333333333333,observed,observed,co_fallback,0.0449146288271212,0.0406967238624566,NO2 high variability; CO stable; CH4 very stable; CH4 lower coverage,Navoiy viloyati,20,0.2481552700391901,0.2481552700391901,0.24815527003919,0.24815527003919,47420.604239771645,30024.520776350197,14661.099960104591,2734.9835033168542,nearest western-central observation anchor is Bukhara/Central,0.7396331184928111,0.030100644782829578,0.033220346985350764,0.014703789819147125,0.03784948627690168,0.024716239506056996,9
2020,Khorezm,150000,0.0069422563807269,4.944488669597493,3.296325779731662e-05,12.0,1.0,0.0277573827507788,5004.165347585762,0.0333611023172384,12.0,1.0,0.0392004019617963,282025044.4665073,1880.1669631100488,1.0,1.0,0.0285714285714285,observed,observed,observed,0.0235943574767684,0.0293193805284089,NO2 high variability; CO stable; CH4 very stable; CH4 lower coverage,Xorazm viloyati,16,0.014132394722309,0.014132394722309,0.014132394722309,0.014132394722309,2700.5942568981923,1709.8906619736117,834.946812399779,155.7567825248015,direct Khorezm observation province,1.0,0.0293193805284089,0.0235943574767684,0.0069422563807269,0.0277573827507788,0.0392004019617963,10
2020,Kashkadarya,240000,0.0170449515727714,12.139939135549632,5.05830797314568e-05,12.0,1.0,0.043522032603564,7846.252990301915,0.0326927207929246,12.0,1.0,0.0632132683593851,454784235.0520604,1894.9343127169184,8.0,1.0,0.0457142857142857,observed,observed,observed,0.0382266163974055,0.0473928826221935,NO2 high variability; CO stable; CH4 very stable; CH4 lower coverage,Qashqadaryo viloyati,20,0.0609409619875842,0.0609409619875842,0.0609409619875842,0.0609409619875842,11645.359133206472,7373.29970480994,3600.413302622211,671.6461257743208,direct Kashkadarya observation province,0.588851742317089,0.027907381505507936,0.022509809668499234,0.010036949431336845,0.025628024727789817,0.03722324321098163,11
2020,Kashkadarya,240000,0.0170449515727714,12.139939135549632,5.05830797314568e-05,12.0,1.0,0.043522032603564,7846.252990301915,0.0326927207929246,12.0,1.0,0.0632132683593851,454784235.0520604,1894.9343127169184,8.0,1.0,0.0457142857142857,observed,observed,observed,0.0382266163974055,0.0473928826221935,NO2 high variability; CO stable; CH4 very stable; CH4 lower coverage,Surxondaryo viloyati,16,0.0425502185730539,0.0425502185730539,0.0425502185730539,0.0425502185730539,8131.026493815416,5148.187751092867,2513.8817633223102,468.9569794002381,southern corridor anchored by Qarshi/Kashkadarya,0.41114825768291097,0.019485501116685566,0.01571680672890627,0.0070080021414345535,0.017894007875774182,0.025990025148403467,12
2020,Central,280000,0.01987984238606,14.15903562768812,5.056798438460043e-05,12.0,1.0,0.0511733254373865,9225.64581011564,0.0329487350361272,12.0,1.0,0.0334168912776953,,,,,0.0533333333333333,observed,observed,co_fallback,0.0449146288271212,0.0406967238624566,NO2 high variability; CO stable; CH4 very stable; CH4 lower coverage,Buxoro viloyati,14,0.0873560312190188,0.0873560312190188,0.0873560312190188,0.0873560312190188,16693.080037107517,10569.281780156098,5161.024811674528,962.7734452768924,direct Central observation province,0.2603668815071888,0.010596079079627022,0.011694281841770432,0.005176052566912874,0.01332383916048482,0.008700651771638304,13
2020,Tashkent,2500000,0.7541554720533794,537.1327392971352,0.0002148530957188,12.0,1.0,0.480187716262596,86569.3553182785,0.0346277421273114,12.0,1.0,0.3135692388579598,,,,,0.4761904761904761,observed,observed,co_fallback,0.5349812674207527,0.4537570360885551,NO2 high variability; CO stable; CH4 very stable; CH4 lower coverage,Toshkent shahri,6,0.0009514747859181,0.0009514747859181,0.0009514747859181,0.0009514747859181,181.81966983824924,115.1197573739296,56.21346241674594,10.48645004757374,direct Tashkent observation province,0.02175897748021753,0.009873289129741124,0.01164064535014639,0.016409651932992306,0.010448393704434912,0.006822946006799299,14
2021,Tashkent,2500000,0.7781880310385447,799.7374423303751,0.0003198949769321,12.0,1.0,0.4868090003040061,90599.24639556788,0.0362396985582271,12.0,1.0,0.4753696364361964,4771233384.275165,1908.493353710066,4.0,1.0,0.4761904761904761,observed,observed,observed,0.5450848064509138,0.5195100392018391,NO2 high variability; CO stable; CH4 very stable; CH4 lower coverage,Toshkent viloyati,16,0.0334679592529259,0.0334679592529259,0.0334679592529259,0.0334679592529259,6395.475099904853,4049.317339796266,1977.298712980644,368.8590471279433,direct Tashkent observation province,0.7653682288496674,0.3976164785735329,0.4171905928861997,0.595600395027981,0.3725881423507543,0.36383281668808193,1
2021,Tashkent,2500000,0.7781880310385447,799.7374423303751,0.0003198949769321,12.0,1.0,0.4868090003040061,90599.24639556788,0.0362396985582271,12.0,1.0,0.4753696364361964,4771233384.275165,1908.493353710066,4.0,1.0,0.4761904761904761,observed,observed,observed,0.5450848064509138,0.5195100392018391,NO2 high variability; CO stable; CH4 very stable; CH4 lower coverage,Sirdaryo viloyati,12,0.0093084840944022,0.0093084840944022,0.0093084840944022,0.0093084840944022,1778.7812454804946,1126.241542420472,549.9484889582349,102.5912141017878,nearest corridor observation anchor is Tashkent,0.21287279367011502,0.11058955338456647,0.11603372553633996,0.1656550601678212,0.10362839187846964,0.10119326253412003,2
2021,Fergana Valley,1300000,0.126325603905192,129.82378466185162,9.69433645042354e-05,12.0,4.0,0.255242176934896,47502.71433811754,0.0366089359217414,12.0,4.0,0.2481536892539538,2490691613.111525,1914.3305611660728,6.5,4.0,0.2476190476190476,observed,observed,observed,0.2294588623289552,0.2363169944581265,NO2 high variability; CO stable; CH4 very stable; CH4 lower coverage,Namangan viloyati,12,0.016321452096904,0.016321452096904,0.016321452096904,0.016321452096904,3118.90664414843,1974.7466072604848,964.2770860718728,179.8829508160726,direct Fergana Valley observation province,0.4033876007235655,0.09532734540466778,0.09256085993963617,0.05095818226927088,0.10296152935722748,0.10010212131885367,3
2021,Fergana Valley,1300000,0.126325603905192,129.82378466185162,9.69433645042354e-05,12.0,4.0,0.255242176934896,47502.71433811754,0.0366089359217414,12.0,4.0,0.2481536892539538,2490691613.111525,1914.3305611660728,6.5,4.0,0.2476190476190476,observed,observed,observed,0.2294588623289552,0.2363169944581265,NO2 high variability; CO stable; CH4 very stable; CH4 lower coverage,Farg‘ona viloyati,6,0.0147644933563106,0.0147644933563106,0.0147644933563106,0.0147644933563106,2821.3835480494763,1786.3688224667817,872.2914202990157,162.7233052836792,direct Fergana Valley observation province,0.3649070876500571,0.08623374620992963,0.08373116518795444,0.0460971082166783,0.09313967943077346,0.09055304003527755,4
2021,Fergana Valley,1300000,0.126325603905192,129.82378466185162,9.69433645042354e-05,12.0,4.0,0.255242176934896,47502.71433811754,0.0366089359217414,12.0,4.0,0.2481536892539538,2490691613.111525,1914.3305611660728,6.5,4.0,0.2476190476190476,observed,observed,observed,0.2294588623289552,0.2363169944581265,NO2 high variability; CO stable; CH4 very stable; CH4 lower coverage,Andijon viloyati,14,0.0093750207927182,0.0093750207927182,0.0093750207927182,0.0093750207927182,1791.4959077069457,1134.2918751039635,553.8795003160492,103.32453228693284,direct Fergana Valley observation province,0.2317053116263775,0.05475590284352913,0.05316683720136462,0.029270313419242844,0.05914096814689506,0.05749852789982261,5
2021,Samarkand,520000,0.0509370667828121,52.34760479974537,0.0001006684707687,12.0,1.0,0.0888073175493291,16527.78818665342,0.0317842080512565,12.0,1.0,0.0991453086742462,995110689.4146812,1913.674402720541,7.0,1.0,0.099047619047619,observed,observed,observed,0.0812332673960257,0.0878042373377127,NO2 high variability; CO stable; CH4 very stable; CH4 lower coverage,Jizzax viloyati,24,0.0459835122061573,0.0459835122061573,0.0459835122061573,0.0459835122061573,8787.103064700286,5563.584917561032,2716.721949385533,506.79619775372106,nearest eastern-central observation anchor is Samarkand,0.5578785921859863,0.04898410431392738,0.0453183008535626,0.028416699106878784,0.04954370129023356,0.05531104522503353,6
2021,Karakalpakstan,260000,0.0075631246382524,7.772561017354231,2.989446545136243e-05,12.0,1.0,0.0486343183977076,9051.255406212253,0.034812520793124,12.0,1.0,0.0497701022927948,499537108.382489,1921.296570701881,6.0,1.0,0.0495238095238095,observed,observed,observed,0.0404200796458166,0.0438501028806386,NO2 high variability; CO stable; CH4 very stable; CH4 lower coverage,Qoraqalpog‘iston respublikasi,16,0.380250577205858,0.3802505772058579,0.3802505772058579,0.3802505772058579,72663.02315794483,46006.84625288603,22465.336808773533,4190.840096285257,direct Karakalpakstan observation province,1.0,0.0438501028806386,0.0404200796458166,0.0075631246382524,0.0486343183977076,0.0497701022927948,7
2021,Samarkand,520000,0.0509370667828121,52.34760479974537,0.0001006684707687,12.0,1.0,0.0888073175493291,16527.78818665342,0.0317842080512565,12.0,1.0,0.0991453086742462,995110689.4146812,1913.674402720541,7.0,1.0,0.099047619047619,observed,observed,observed,0.0812332673960257,0.0878042373377127,NO2 high variability; CO stable; CH4 very stable; CH4 lower coverage,Samarqand viloyati,12,0.0364421496676492,0.0364421496676492,0.0364421496676491,0.0364421496676491,6963.8205014272135,4409.167210748339,2153.014920674948,401.6383700039257,direct Samarkand observation province,0.44212140781401366,0.03882013302378532,0.035914966542463095,0.02252036767593332,0.039263616259095545,0.04383426344921267,8
2021,Central,280000,0.0168116805753808,17.277225925316714,6.170437830470255e-05,12.0,1.0,0.050477419870379,9394.272080822444,0.033550971717223,12.0,1.0,0.0533715724175105,535684672.6660137,1913.1595452357635,4.0,1.0,0.0533333333333333,observed,observed,observed,0.0437442720113794,0.0472760136261778,NO2 high variability; CO stable; CH4 very stable; CH4 lower coverage,Navoiy viloyati,20,0.2481552700391901,0.2481552700391901,0.24815527003919,0.24815527003919,47420.604239771645,30024.520776350197,14661.099960104591,2734.9835033168542,nearest western-central observation anchor is Bukhara/Central,0.7396331184928111,0.03496690538823852,0.03235471232397434,0.012434475731073919,0.03733477147219941,0.03947538254602819,9
2021,Khorezm,150000,0.0058119071145483,5.972849164292015,3.981899442861343e-05,12.0,1.0,0.0279552659778979,5202.709951548881,0.0346847330103258,12.0,1.0,0.0284927676872022,285978813.0742808,1906.5254204952053,8.0,1.0,0.0285714285714285,observed,observed,observed,0.023526594205228,0.0253484176461405,NO2 high variability; CO stable; CH4 very stable; CH4 lower coverage,Xorazm viloyati,16,0.014132394722309,0.014132394722309,0.014132394722309,0.014132394722309,2700.5942568981923,1709.8906619736117,834.946812399779,155.7567825248015,direct Khorezm observation province,1.0,0.0253484176461405,0.023526594205228,0.0058119071145483,0.0279552659778979,0.0284927676872022,10
2021,Kashkadarya,240000,0.0143625859452694,14.760311506964095,6.150129794568373e-05,12.0,1.0,0.042074500965784,7830.418249434856,0.0326267427059785,12.0,1.0,0.0456969232380958,458655052.827562,1911.0627201148416,11.0,1.0,0.0457142857142857,observed,observed,observed,0.0365321179616811,0.0398941948493645,NO2 high variability; CO stable; CH4 very stable; CH4 lower coverage,Qashqadaryo viloyati,20,0.0609409619875842,0.0609409619875842,0.0609409619875842,0.0609409619875842,11645.359133206472,7373.29970480994,3600.413302622211,671.6461257743208,direct Kashkadarya observation province,0.588851742317089,0.02349176614538573,0.021512001312269338,0.008457433758050822,0.024775643200823955,0.026908712867282986,11
2021,Kashkadarya,240000,0.0143625859452694,14.760311506964095,6.150129794568373e-05,12.0,1.0,0.042074500965784,7830.418249434856,0.0326267427059785,12.0,1.0,0.0456969232380958,458655052.827562,1911.0627201148416,11.0,1.0,0.0457142857142857,observed,observed,observed,0.0365321179616811,0.0398941948493645,NO2 high variability; CO stable; CH4 very stable; CH4 lower coverage,Surxondaryo viloyati,16,0.0425502185730539,0.0425502185730539,0.0425502185730539,0.0425502185730539,8131.026493815416,5148.187751092867,2513.8817633223102,468.9569794002381,southern corridor anchored by Qarshi/Kashkadarya,0.41114825768291097,0.016402428703978775,0.01502011664941176,0.005905152187218579,0.017298857764960048,0.018788210370812814,12
2021,Central,280000,0.0168116805753808,17.277225925316714,6.170437830470255e-05,12.0,1.0,0.050477419870379,9394.272080822444,0.033550971717223,12.0,1.0,0.0533715724175105,535684672.6660137,1913.1595452357635,4.0,1.0,0.0533333333333333,observed,observed,observed,0.0437442720113794,0.0472760136261778,NO2 high variability; CO stable; CH4 very stable; CH4 lower coverage,Buxoro viloyati,14,0.0873560312190188,0.0873560312190188,0.0873560312190188,0.0873560312190188,16693.080037107517,10569.281780156098,5161.024811674528,962.7734452768924,direct Central observation province,0.2603668815071888,0.012309108237939279,0.011389559687405055,0.0043772048443068805,0.013142648398179586,0.013896189871482301,13
2021,Tashkent,2500000,0.7781880310385447,799.7374423303751,0.0003198949769321,12.0,1.0,0.4868090003040061,90599.24639556788,0.0362396985582271,12.0,1.0,0.4753696364361964,4771233384.275165,1908.493353710066,4.0,1.0,0.4761904761904761,observed,observed,observed,0.5450848064509138,0.5195100392018391,NO2 high variability; CO stable; CH4 very stable; CH4 lower coverage,Toshkent shahri,6,0.0009514747859181,0.0009514747859181,0.0009514747859181,0.0009514747859181,181.81966983824924,115.1197573739296,56.21346241674594,10.48645004757374,direct Tashkent observation province,0.02175897748021753,0.011304007243739745,0.011860488028374166,0.016932575842742516,0.010592466074782078,0.010343557213994393,14
2022,Tashkent,2500000,0.7723283617596178,746.0168017636876,0.0002984067207054,12.0,1.0,0.4842707153121785,81856.8568426975,0.032742742737079,12.0,1.0,0.4768329079973525,4791828196.287579,1916.731278515032,5.0,1.0,0.4761904761904761,observed,observed,observed,0.5418822446016665,0.518019122084561,NO2 high variability; CO stable; CH4 very stable; CH4 lower coverage,Toshkent viloyati,16,0.0334679592529259,0.0334679592529259,0.0334679592529259,0.0334679592529259,6395.475099904853,4049.317339796266,1977.298712980644,368.8590471279433,direct Tashkent observation province,0.7653682288496674,0.39647537798012006,0.4147394537958597,0.5911155903303239,0.37064541966224357,0.3649527582511701,1
2022,Tashkent,2500000,0.7723283617596178,746.0168017636876,0.0002984067207054,12.0,1.0,0.4842707153121785,81856.8568426975,0.032742742737079,12.0,1.0,0.4768329079973525,4791828196.287579,1916.731278515032,5.0,1.0,0.4761904761904761,observed,observed,observed,0.5418822446016665,0.518019122084561,NO2 high variability; CO stable; CH4 very stable; CH4 lower coverage,Sirdaryo viloyati,12,0.0093084840944022,0.0093084840944022,0.0093084840944022,0.0093084840944022,1778.7812454804946,1126.241542420472,549.9484889582349,102.5912141017878,nearest corridor observation anchor is Tashkent,0.21287279367011502,0.11027217769268088,0.11535198724858935,0.16440769599843308,0.10308806006112839,0.10150475323924137,2
2022,Fergana Valley,1300000,0.1321041303804818,127.60362784254954,9.465759597979692e-05,12.0,4.0,0.2586901414349605,43726.70327671619,0.0336183728610355,12.0,4.0,0.2477612307685787,2489822391.9360466,1913.2607840246164,8.0,4.0,0.2476190476190476,observed,observed,observed,0.2333729392240647,0.238651233851835,NO2 high variability; CO stable; CH4 very stable; CH4 lower coverage,Namangan viloyati,12,0.016321452096904,0.016321452096904,0.016321452096904,0.016321452096904,3118.90664414843,1974.7466072604848,964.2770860718728,179.8829508160726,direct Fergana Valley observation province,0.4033876007235655,0.09626894863321028,0.09413975002740194,0.05328916819985563,0.10435239548428853,0.0999438084320546,3
2022,Fergana Valley,1300000,0.1321041303804818,127.60362784254954,9.465759597979692e-05,12.0,4.0,0.2586901414349605,43726.70327671619,0.0336183728610355,12.0,4.0,0.2477612307685787,2489822391.9360466,1913.2607840246164,8.0,4.0,0.2476190476190476,observed,observed,observed,0.2333729392240647,0.238651233851835,NO2 high variability; CO stable; CH4 very stable; CH4 lower coverage,Farg‘ona viloyati,6,0.0147644933563106,0.0147644933563106,0.0147644933563106,0.0147644933563106,2821.3835480494763,1786.3688224667817,872.2914202990157,162.7233052836792,direct Fergana Valley observation province,0.3649070876500571,0.08708552670896583,0.08515943958858722,0.04820573348368504,0.0943978661148128,0.09040982915235576,4
2022,Fergana Valley,1300000,0.1321041303804818,127.60362784254954,9.465759597979692e-05,12.0,4.0,0.2586901414349605,43726.70327671619,0.0336183728610355,12.0,4.0,0.2477612307685787,2489822391.9360466,1913.2607840246164,8.0,4.0,0.2476190476190476,observed,observed,observed,0.2333729392240647,0.238651233851835,NO2 high variability; CO stable; CH4 very stable; CH4 lower coverage,Andijon viloyati,14,0.0093750207927182,0.0093750207927182,0.0093750207927182,0.0093750207927182,1791.4959077069457,1134.2918751039635,553.8795003160492,103.32453228693284,direct Fergana Valley observation province,0.2317053116263775,0.05529675850965892,0.05407374960807557,0.03060922869694114,0.059939879835859196,0.05740759318416836,5
2022,Samarkand,520000,0.0504176407511717,48.70002057151737,9.365388571445648e-05,12.0,1.0,0.0884473855039104,14950.367107449996,0.0287507059758653,12.0,1.0,0.0987971924415397,992840813.8685948,1909.3092574396053,7.0,1.0,0.099047619047619,observed,observed,observed,0.0808414365533627,0.0874284430474211,NO2 high variability; CO stable; CH4 very stable; CH4 lower coverage,Jizzax viloyati,24,0.0459835122061573,0.0459835122061573,0.0459835122061573,0.0459835122061573,8787.103064700286,5563.584917561032,2716.721949385533,506.79619775372106,nearest eastern-central observation anchor is Samarkand,0.5578785921859863,0.04877445672430797,0.04509970681468272,0.028126922443602483,0.04934290290745275,0.05511683863121414,6
2022,Karakalpakstan,260000,0.0078136891298305,7.547493609235267,2.90288215739818e-05,12.0,1.0,0.0478031592483889,8080.2250466489,0.0310777886409573,12.0,1.0,0.0493801393881524,496234929.0248093,1908.595880864651,8.0,1.0,0.0495238095238095,observed,observed,observed,0.0398052652246772,0.0433177744549977,NO2 high variability; CO stable; CH4 very stable; CH4 lower coverage,Qoraqalpog‘iston respublikasi,16,0.380250577205858,0.3802505772058579,0.3802505772058579,0.3802505772058579,72663.02315794483,46006.84625288603,22465.336808773533,4190.840096285257,direct Karakalpakstan observation province,1.0,0.0433177744549977,0.0398052652246772,0.0078136891298305,0.0478031592483889,0.0493801393881524,7
2022,Samarkand,520000,0.0504176407511717,48.70002057151737,9.365388571445648e-05,12.0,1.0,0.0884473855039104,14950.367107449996,0.0287507059758653,12.0,1.0,0.0987971924415397,992840813.8685948,1909.3092574396053,7.0,1.0,0.099047619047619,observed,observed,observed,0.0808414365533627,0.0874284430474211,NO2 high variability; CO stable; CH4 very stable; CH4 lower coverage,Samarqand viloyati,12,0.0364421496676492,0.0364421496676492,0.0364421496676491,0.0364421496676491,6963.8205014272135,4409.167210748339,2153.014920674948,401.6383700039257,direct Samarkand observation province,0.44212140781401366,0.038653986323113135,0.035741729738679985,0.022290718307569218,0.03910448259645765,0.04368035381032556,8
2022,Central,280000,0.0173067584450199,16.717154546331425,5.9704123379755085e-05,12.0,1.0,0.050587342077065,8550.838792276529,0.0305387099724161,12.0,1.0,0.0531536508724391,534156008.7702544,1907.7000313223373,5.0,1.0,0.0533333333333333,observed,observed,observed,0.043931225350656,0.0473144400246177,NO2 high variability; CO stable; CH4 very stable; CH4 lower coverage,Navoiy viloyati,20,0.2481552700391901,0.2481552700391901,0.24815527003919,0.24815527003919,47420.604239771645,30024.520776350197,14661.099960104591,2734.9835033168542,nearest western-central observation anchor is Bukhara/Central,0.7396331184928111,0.03499532682514907,0.03249298920531614,0.012800651719691863,0.037416073576722185,0.03931420055406026,9
2022,Khorezm,150000,0.0064105172931594,6.192124807896284,4.128083205264189e-05,12.0,1.0,0.0277968193380728,4698.5295399747165,0.0313235302664981,12.0,1.0,0.0284091440834927,285491490.5588543,1903.2766037256952,7.0,1.0,0.0285714285714285,observed,observed,observed,0.0235195589290901,0.0253132862088483,NO2 high variability; CO stable; CH4 very stable; CH4 lower coverage,Xorazm viloyati,16,0.014132394722309,0.014132394722309,0.014132394722309,0.014132394722309,2700.5942568981923,1709.8906619736117,834.946812399779,155.7567825248015,direct Khorezm observation province,1.0,0.0253132862088483,0.0235195589290901,0.0064105172931594,0.0277968193380728,0.0284091440834927,10
2022,Kashkadarya,240000,0.0136189022407187,13.154935641630008,5.481223184012503e-05,12.0,1.0,0.0424044370854237,7167.672597669073,0.0298653024902878,12.0,1.0,0.0456657344484444,458907827.5936697,1912.115948306957,11.0,1.0,0.0457142857142857,observed,observed,observed,0.0366473301164827,0.039955700327719,NO2 high variability; CO stable; CH4 very stable; CH4 lower coverage,Qashqadaryo viloyati,20,0.0609409619875842,0.0609409619875842,0.0609409619875842,0.0609409619875842,11645.359133206472,7373.29970480994,3600.413302622211,671.6461257743208,direct Kashkadarya observation province,0.588851742317089,0.023527983753476818,0.021579844190360367,0.008019514312893316,0.02496992665972713,0.026890347294155997,11
2022,Kashkadarya,240000,0.0136189022407187,13.154935641630008,5.481223184012503e-05,12.0,1.0,0.0424044370854237,7167.672597669073,0.0298653024902878,12.0,1.0,0.0456657344484444,458907827.5936697,1912.115948306957,11.0,1.0,0.0457142857142857,observed,observed,observed,0.0366473301164827,0.039955700327719,NO2 high variability; CO stable; CH4 very stable; CH4 lower coverage,Surxondaryo viloyati,16,0.0425502185730539,0.0425502185730539,0.0425502185730539,0.0425502185730539,8131.026493815416,5148.187751092867,2513.8817633223102,468.9569794002381,southern corridor anchored by Qarshi/Kashkadarya,0.41114825768291097,0.016427716574242184,0.015067485926122332,0.005599387927825386,0.01743451042569657,0.018775387154288403,12
2022,Central,280000,0.0173067584450199,16.717154546331425,5.9704123379755085e-05,12.0,1.0,0.050587342077065,8550.838792276529,0.0305387099724161,12.0,1.0,0.0531536508724391,534156008.7702544,1907.7000313223373,5.0,1.0,0.0533333333333333,observed,observed,observed,0.043931225350656,0.0473144400246177,NO2 high variability; CO stable; CH4 very stable; CH4 lower coverage,Buxoro viloyati,14,0.0873560312190188,0.0873560312190188,0.0873560312190188,0.0873560312190188,16693.080037107517,10569.281780156098,5161.024811674528,962.7734452768924,direct Central observation province,0.2603668815071888,0.012319113199468629,0.01143823614533986,0.004506106725328036,0.013171268500342809,0.013839450318378832,13
2022,Tashkent,2500000,0.7723283617596178,746.0168017636876,0.0002984067207054,12.0,1.0,0.4842707153121785,81856.8568426975,0.032742742737079,12.0,1.0,0.4768329079973525,4791828196.287579,1916.731278515032,5.0,1.0,0.4761904761904761,observed,observed,observed,0.5418822446016665,0.518019122084561,NO2 high variability; CO stable; CH4 very stable; CH4 lower coverage,Toshkent shahri,6,0.0009514747859181,0.0009514747859181,0.0009514747859181,0.0009514747859181,181.81966983824924,115.1197573739296,56.21346241674594,10.48645004757374,direct Tashkent observation province,0.02175897748021753,0.011271566411760019,0.011790803557217388,0.016805075430860822,0.010537235588806527,0.010375396506941031,14
2023,Tashkent,2500000,0.757820756837563,663.7517154759167,0.0002655006861903,12.0,1.0,0.4848860452198728,86910.9944678833,0.0347643977871533,12.0,1.0,0.4771979694757922,4815092610.430585,1926.037044172234,11.0,1.0,0.4761904761904761,observed,observed,observed,0.5394729875434109,0.516627614116436,CO stable; CH4 very stable,Toshkent viloyati,16,0.0334679592529259,0.0334679592529259,0.0334679592529259,0.0334679592529259,6395.475099904853,4049.317339796266,1977.298712980644,368.8590471279433,direct Tashkent observation province,0.7653682288496674,0.395410361991126,0.41289548498833906,0.5800119304462801,0.37111637362385375,0.3652321647083447,1
2023,Tashkent,2500000,0.757820756837563,663.7517154759167,0.0002655006861903,12.0,1.0,0.4848860452198728,86910.9944678833,0.0347643977871533,12.0,1.0,0.4771979694757922,4815092610.430585,1926.037044172234,11.0,1.0,0.4761904761904761,observed,observed,observed,0.5394729875434109,0.516627614116436,CO stable; CH4 very stable,Sirdaryo viloyati,12,0.0093084840944022,0.0093084840944022,0.0093084840944022,0.0093084840944022,1778.7812454804946,1126.241542420472,549.9484889582349,102.5912141017878,nearest corridor observation anchor is Tashkent,0.21287279367011502,0.10997596350409188,0.11483912196792904,0.16131942160921295,0.10321904705760804,0.10158246489601816,2
2023,Fergana Valley,1300000,0.1389464926667612,121.6989268699763,9.134568932249008e-05,12.0,4.0,0.2549945313580123,45705.23017247768,0.0353713364752768,12.0,4.0,0.2477161947210274,2499542108.2689905,1921.021132338123,10.75,4.0,0.2476190476190476,observed,observed,observed,0.2317849236197621,0.2376292549225582,CO stable; CH4 very stable,Namangan viloyati,12,0.016321452096904,0.016321452096904,0.016321452096904,0.016321452096904,3118.90664414843,1974.7466072604848,964.2770860718728,179.8829508160726,direct Fergana Valley observation province,0.4033876007235655,0.09585669500493928,0.09349916422287072,0.05604929230579929,0.10286163220213858,0.09992564144888681,3
2023,Fergana Valley,1300000,0.1389464926667612,121.6989268699763,9.134568932249008e-05,12.0,4.0,0.2549945313580123,45705.23017247768,0.0353713364752768,12.0,4.0,0.2477161947210274,2499542108.2689905,1921.021132338123,10.75,4.0,0.2476190476190476,observed,observed,observed,0.2317849236197621,0.2376292549225582,CO stable; CH4 very stable,Farg‘ona viloyati,6,0.0147644933563106,0.0147644933563106,0.0147644933563106,0.0147644933563106,2821.3835480494763,1786.3688224667817,872.2914202990157,162.7233052836792,direct Fergana Valley observation province,0.3649070876500571,0.0867125993542437,0.08457996143927832,0.05070255997821785,0.09304931180454343,0.09039339517940455,4
2023,Fergana Valley,1300000,0.1389464926667612,121.6989268699763,9.134568932249008e-05,12.0,4.0,0.2549945313580123,45705.23017247768,0.0353713364752768,12.0,4.0,0.2477161947210274,2499542108.2689905,1921.021132338123,10.75,4.0,0.2476190476190476,observed,observed,observed,0.2317849236197621,0.2376292549225582,CO stable; CH4 very stable,Andijon viloyati,14,0.0093750207927182,0.0093750207927182,0.0093750207927182,0.0093750207927182,1791.4959077069457,1134.2918751039635,553.8795003160492,103.32453228693284,direct Fergana Valley observation province,0.2317053116263775,0.05505996056337525,0.053705797957613086,0.03219464038274408,0.05908358735133033,0.057397158092736066,5
2023,Samarkand,520000,0.052917722338765,46.34899303630754,8.913267891597604e-05,12.0,1.0,0.0892645768115932,15999.786378534374,0.0307688199587199,12.0,1.0,0.0985299128899049,994200909.915267,1911.9248267601288,11.0,1.0,0.099047619047619,observed,observed,observed,0.0819952059170276,0.0880609055670997,CO stable; CH4 very stable,Jizzax viloyati,24,0.0459835122061573,0.0459835122061573,0.0459835122061573,0.0459835122061573,8787.103064700286,5563.584917561032,2716.721949385533,506.79619775372106,nearest eastern-central observation anchor is Samarkand,0.5578785921859863,0.04912729402439667,0.045743370042991414,0.02952166444003914,0.049798796443729455,0.05496772909122801,6
2023,Karakalpakstan,260000,0.0089465370076514,7.835994505057199,3.013844040406615e-05,12.0,1.0,0.0487061936940313,8730.10013883591,0.0335773082262919,12.0,1.0,0.0494156238367614,498620741.0680901,1917.772081031116,10.0,1.0,0.0495238095238095,observed,observed,observed,0.0407542623567553,0.0439316526416028,CO stable; CH4 very stable,Qoraqalpog‘iston respublikasi,16,0.380250577205858,0.3802505772058579,0.3802505772058579,0.3802505772058579,72663.02315794483,46006.84625288603,22465.336808773533,4190.840096285257,direct Karakalpakstan observation province,1.0,0.0439316526416028,0.0407542623567553,0.0089465370076514,0.0487061936940313,0.0494156238367614,7
2023,Samarkand,520000,0.052917722338765,46.34899303630754,8.913267891597604e-05,12.0,1.0,0.0892645768115932,15999.786378534374,0.0307688199587199,12.0,1.0,0.0985299128899049,994200909.915267,1911.9248267601288,11.0,1.0,0.099047619047619,observed,observed,observed,0.0819952059170276,0.0880609055670997,CO stable; CH4 very stable,Samarqand viloyati,12,0.0364421496676492,0.0364421496676492,0.0364421496676491,0.0364421496676491,6963.8205014272135,4409.167210748339,2153.014920674948,401.6383700039257,direct Samarkand observation province,0.44212140781401366,0.03893361154270303,0.03625183587403618,0.023396057898725862,0.03946578036786374,0.043562183798676886,8
2023,Central,280000,0.0191638057735392,16.784983576215833,5.994636991505655e-05,12.0,1.0,0.0514473640478914,9221.427624558535,0.032933670087709,12.0,1.0,0.0531506086880671,536308030.4279928,1915.385822957117,9.0,1.0,0.0533333333333333,observed,observed,observed,0.044990652393021,0.0479841039325405,CO stable; CH4 very stable,Navoiy viloyati,20,0.2481552700391901,0.2481552700391901,0.24815527003919,0.24815527003919,47420.604239771645,30024.520776350197,14661.099960104591,2734.9835033168542,nearest western-central observation anchor is Bukhara/Central,0.7396331184928111,0.0354906324297081,0.033276576532476176,0.014174185426473336,0.03805217430897685,0.03931195045374617,9
2023,Khorezm,150000,0.0069569491706306,6.093376177441704,4.062250784961136e-05,12.0,1.0,0.0279505490893126,5009.857555653143,0.0333990503710209,12.0,1.0,0.0283533012200435,286094618.8348561,1907.2974588990407,9.0,1.0,0.0285714285714285,observed,observed,observed,0.0237518291055762,0.0254398631203504,CO stable; CH4 very stable,Xorazm viloyati,16,0.014132394722309,0.014132394722309,0.014132394722309,0.014132394722309,2700.5942568981923,1709.8906619736117,834.946812399779,155.7567825248015,direct Khorezm observation province,1.0,0.0254398631203504,0.0237518291055762,0.0069569491706306,0.0279505490893126,0.0283533012200435,10
2023,Kashkadarya,240000,0.0152477362050894,13.35501960316678,5.564591501319491e-05,12.0,1.0,0.0427507397792861,7662.644336919717,0.0319276847371654,12.0,1.0,0.0456363891684033,460486955.7448116,1918.6956489367149,12.0,1.0,0.0457142857142857,observed,observed,observed,0.0372501390644467,0.0403266056994121,CO stable; CH4 very stable,Qashqadaryo viloyati,20,0.0609409619875842,0.0609409619875842,0.0609409619875842,0.0609409619875842,11645.359133206472,7373.29970480994,3600.413302622211,671.6461257743208,direct Kashkadarya observation province,0.588851742317089,0.023746392027833067,0.0219348092896533,0.008978656030758252,0.025173847604377103,0.026873067274875012,11
2023,Kashkadarya,240000,0.0152477362050894,13.35501960316678,5.564591501319491e-05,12.0,1.0,0.0427507397792861,7662.644336919717,0.0319276847371654,12.0,1.0,0.0456363891684033,460486955.7448116,1918.6956489367149,12.0,1.0,0.0457142857142857,observed,observed,observed,0.0372501390644467,0.0403266056994121,CO stable; CH4 very stable,Surxondaryo viloyati,16,0.0425502185730539,0.0425502185730539,0.0425502185730539,0.0425502185730539,8131.026493815416,5148.187751092867,2513.8817633223102,468.9569794002381,southern corridor anchored by Qarshi/Kashkadarya,0.41114825768291097,0.016580213671579032,0.0153153297747934,0.006269080174331147,0.017576892174908994,0.018763321893528286,12
2023,Central,280000,0.0191638057735392,16.784983576215833,5.994636991505655e-05,12.0,1.0,0.0514473640478914,9221.427624558535,0.032933670087709,12.0,1.0,0.0531506086880671,536308030.4279928,1915.385822957117,9.0,1.0,0.0533333333333333,observed,observed,observed,0.044990652393021,0.0479841039325405,CO stable; CH4 very stable,Buxoro viloyati,14,0.0873560312190188,0.0873560312190188,0.0873560312190188,0.0873560312190188,16693.080037107517,10569.281780156098,5161.024811674528,962.7734452768924,direct Central observation province,0.2603668815071888,0.012493471502832405,0.011714075860544817,0.0049896203470658615,0.013395189738914544,0.013838658234320926,13
2023,Tashkent,2500000,0.757820756837563,663.7517154759167,0.0002655006861903,12.0,1.0,0.4848860452198728,86910.9944678833,0.0347643977871533,12.0,1.0,0.4771979694757922,4815092610.430585,1926.037044172234,11.0,1.0,0.4761904761904761,observed,observed,observed,0.5394729875434109,0.516627614116436,CO stable; CH4 very stable,Toshkent shahri,6,0.0009514747859181,0.0009514747859181,0.0009514747859181,0.0009514747859181,181.81966983824924,115.1197573739296,56.21346241674594,10.48645004757374,direct Tashkent observation province,0.02175897748021753,0.011241288621218043,0.01173838058714275,0.01648940478206994,0.010550624538410951,0.010383339871429295,14
2024,Tashkent,2500000,0.7430894630047855,655.2109850608749,0.0002620843940243,12.0,1.0,0.4823546393241898,88712.00822766387,0.0354848032910655,12.0,1.0,0.4770445091693606,4839655081.114495,1935.862032445798,11.0,1.0,0.4761904761904761,observed,observed,observed,0.534501604060309,0.5134236689662142,NO2 high variability; CO stable; CH4 very stable,Toshkent viloyati,16,0.0334679592529259,0.0334679592529259,0.0334679592529259,0.0334679592529259,6395.475099904853,4049.317339796266,1977.298712980644,368.8590471279433,direct Tashkent observation province,0.7653682288496674,0.39295816416616924,0.4090905460169449,0.5687370661768231,0.3691789159769753,0.36511471106541243,1
2024,Tashkent,2500000,0.7430894630047855,655.2109850608749,0.0002620843940243,12.0,1.0,0.4823546393241898,88712.00822766387,0.0354848032910655,12.0,1.0,0.4770445091693606,4839655081.114495,1935.862032445798,11.0,1.0,0.4761904761904761,observed,observed,observed,0.534501604060309,0.5134236689662142,NO2 high variability; CO stable; CH4 very stable,Sirdaryo viloyati,12,0.0093084840944022,0.0093084840944022,0.0093084840944022,0.0093084840944022,1778.7812454804946,1126.241542420472,549.9484889582349,102.5912141017878,nearest corridor observation anchor is Tashkent,0.21287279367011502,0.10929393074919834,0.11378084967747568,0.15818352993665427,0.10268017961268101,0.10154979737187059,2
2024,Fergana Valley,1300000,0.1533261691609461,135.19366823656182,0.0001010326576041,12.0,4.0,0.2578458090185664,47421.58085837362,0.0364966781962628,12.0,4.0,0.2479269482290396,2515238917.2891617,1932.836592719898,10.75,4.0,0.2476190476190476,observed,observed,observed,0.2369418810470423,0.2409717146734355,NO2 high variability; CO stable; CH4 very stable,Namangan viloyati,12,0.016321452096904,0.016321452096904,0.016321452096904,0.016321452096904,3118.90664414843,1974.7466072604848,964.2770860718728,179.8829508160726,direct Fergana Valley observation province,0.4033876007235655,0.09720500182436075,0.09557941690649485,0.06184987550596959,0.10401180225662619,0.10001065680082792,3
2024,Fergana Valley,1300000,0.1533261691609461,135.19366823656182,0.0001010326576041,12.0,4.0,0.2578458090185664,47421.58085837362,0.0364966781962628,12.0,4.0,0.2479269482290396,2515238917.2891617,1932.836592719898,10.75,4.0,0.2476190476190476,observed,observed,observed,0.2369418810470423,0.2409717146734355,NO2 high variability; CO stable; CH4 very stable,Farg‘ona viloyati,6,0.0147644933563106,0.0147644933563106,0.0147644933563106,0.0147644933563106,2821.3835480494763,1786.3688224667817,872.2914202990157,162.7233052836792,direct Fergana Valley observation province,0.3649070876500571,0.08793228660752388,0.08646177175520246,0.05594980584906084,0.09408976323173789,0.09047030062822532,4
2024,Fergana Valley,1300000,0.1533261691609461,135.19366823656182,0.0001010326576041,12.0,4.0,0.2578458090185664,47421.58085837362,0.0364966781962628,12.0,4.0,0.2479269482290396,2515238917.2891617,1932.836592719898,10.75,4.0,0.2476190476190476,observed,observed,observed,0.2369418810470423,0.2409717146734355,NO2 high variability; CO stable; CH4 very stable,Andijon viloyati,14,0.0093750207927182,0.0093750207927182,0.0093750207927182,0.0093750207927182,1791.4959077069457,1134.2918751039635,553.8795003160492,103.32453228693284,direct Fergana Valley observation province,0.2317053116263775,0.0558344262415509,0.05490069238534501,0.03552648780591569,0.05974424353020235,0.057445990799986385,5
2024,Samarkand,520000,0.0572019276774776,50.43717243599198,9.699456237690766e-05,12.0,1.0,0.0906598227096417,16673.655195696905,0.0320647215301863,12.0,1.0,0.0983343080548111,997609498.648247,1918.4798050927827,12.0,1.0,0.099047619047619,observed,observed,observed,0.0839682437032089,0.0892383843626937,NO2 high variability; CO stable; CH4 very stable,Jizzax viloyati,24,0.0459835122061573,0.0459835122061573,0.0459835122061573,0.0459835122061573,8787.103064700286,5563.584917561032,2716.721949385533,506.79619775372106,nearest eastern-central observation anchor is Samarkand,0.5578785921859863,0.049784184237211496,0.046844085585475995,0.03191173088303581,0.05057717426108602,0.054858605341201114,6
2024,Karakalpakstan,260000,0.0082252803745674,7.252550769364819,2.789442603601853e-05,12.0,1.0,0.0474907944419219,8734.245312064935,0.0335932512002497,12.0,1.0,0.0494874003861261,502053674.5028011,1930.97567116462,11.0,1.0,0.0495238095238095,observed,observed,observed,0.0396376916284511,0.0432510229721963,NO2 high variability; CO stable; CH4 very stable,Qoraqalpog‘iston respublikasi,16,0.380250577205858,0.3802505772058579,0.3802505772058579,0.3802505772058579,72663.02315794483,46006.84625288603,22465.336808773533,4190.840096285257,direct Karakalpakstan observation province,1.0,0.0432510229721963,0.0396376916284511,0.0082252803745674,0.0474907944419219,0.0494874003861261,7
2024,Samarkand,520000,0.0572019276774776,50.43717243599198,9.699456237690766e-05,12.0,1.0,0.0906598227096417,16673.655195696905,0.0320647215301863,12.0,1.0,0.0983343080548111,997609498.648247,1918.4798050927827,12.0,1.0,0.099047619047619,observed,observed,observed,0.0839682437032089,0.0892383843626937,NO2 high variability; CO stable; CH4 very stable,Samarqand viloyati,12,0.0364421496676492,0.0364421496676492,0.0364421496676491,0.0364421496676491,6963.8205014272135,4409.167210748339,2153.014920674948,401.6383700039257,direct Samarkand observation province,0.44212140781401366,0.0394542001254822,0.03712415811773291,0.02529019679444179,0.04008264844855567,0.04347570271360998,8
2024,Central,280000,0.0171361486202839,15.109611125751467,5.396289687768382e-05,12.0,1.0,0.0508341297570592,9349.133126557275,0.0333897611662759,12.0,1.0,0.0531222887082092,538929910.1561245,1924.749679129016,9.0,1.0,0.0533333333333333,observed,observed,observed,0.0440945335297041,0.0474063340664188,NO2 high variability; CO stable; CH4 very stable,Navoiy viloyati,20,0.2481552700391901,0.2481552700391901,0.24815527003919,0.24815527003919,47420.604239771645,30024.520776350197,14661.099960104591,2734.9835033168542,nearest western-central observation anchor is Bukhara/Central,0.7396331184928111,0.035063294701857324,0.03261377734306086,0.012674463042976864,0.0375986059180819,0.03929100405872822,9
2024,Khorezm,150000,0.0068044715268334,5.99976814889445,3.9998454325963e-05,12.0,1.0,0.027802744233261,5113.327568753825,0.0340888504583588,12.0,1.0,0.0284073284987476,288194642.35997254,1921.2976157331505,11.0,1.0,0.0285714285714285,observed,observed,observed,0.0236030896919755,0.0253655079614315,NO2 high variability; CO stable; CH4 very stable,Xorazm viloyati,16,0.014132394722309,0.014132394722309,0.014132394722309,0.014132394722309,2700.5942568981923,1709.8906619736117,834.946812399779,155.7567825248015,direct Khorezm observation province,1.0,0.0253655079614315,0.0236030896919755,0.0068044715268334,0.027802744233261,0.0284073284987476,10
2024,Kashkadarya,240000,0.0142165396351059,12.535277920385118,5.2230324668271325e-05,12.0,1.0,0.0430120605153597,7910.541239270338,0.0329605884969597,12.0,1.0,0.0456772169537056,463399055.79479,1930.8293991449584,12.0,1.0,0.0457142857142857,observed,observed,observed,0.037252956339309,0.0403433669976098,NO2 high variability; CO stable; CH4 very stable,Qashqadaryo viloyati,20,0.0609409619875842,0.0609409619875842,0.0609409619875842,0.0609409619875842,11645.359133206472,7373.29970480994,3600.413302622211,671.6461257743208,direct Kashkadarya observation province,0.588851742317089,0.02375626194748028,0.021936468246864554,0.008371434133852062,0.025327726775117628,0.02689710878738522,11
2024,Kashkadarya,240000,0.0142165396351059,12.535277920385118,5.2230324668271325e-05,12.0,1.0,0.0430120605153597,7910.541239270338,0.0329605884969597,12.0,1.0,0.0456772169537056,463399055.79479,1930.8293991449584,12.0,1.0,0.0457142857142857,observed,observed,observed,0.037252956339309,0.0403433669976098,NO2 high variability; CO stable; CH4 very stable,Surxondaryo viloyati,16,0.0425502185730539,0.0425502185730539,0.0425502185730539,0.0425502185730539,8131.026493815416,5148.187751092867,2513.8817633223102,468.9569794002381,southern corridor anchored by Qarshi/Kashkadarya,0.41114825768291097,0.01658710505012952,0.01531648809244445,0.005845105501253838,0.01768433374024207,0.01878010816632038,12
2024,Central,280000,0.0171361486202839,15.109611125751467,5.396289687768382e-05,12.0,1.0,0.0508341297570592,9349.133126557275,0.0333897611662759,12.0,1.0,0.0531222887082092,538929910.1561245,1924.749679129016,9.0,1.0,0.0533333333333333,observed,observed,observed,0.0440945335297041,0.0474063340664188,NO2 high variability; CO stable; CH4 very stable,Buxoro viloyati,14,0.0873560312190188,0.0873560312190188,0.0873560312190188,0.0873560312190188,16693.080037107517,10569.281780156098,5161.024811674528,962.7734452768924,direct Central observation province,0.2603668815071888,0.012343039364561471,0.01148075618664323,0.0044616855773070355,0.013235523838977291,0.013831284649480979,13
2024,Tashkent,2500000,0.7430894630047855,655.2109850608749,0.0002620843940243,12.0,1.0,0.4823546393241898,88712.00822766387,0.0354848032910655,12.0,1.0,0.4770445091693606,4839655081.114495,1935.862032445798,11.0,1.0,0.4761904761904761,observed,observed,observed,0.534501604060309,0.5134236689662142,NO2 high variability; CO stable; CH4 very stable,Toshkent shahri,6,0.0009514747859181,0.0009514747859181,0.0009514747859181,0.0009514747859181,181.81966983824924,115.1197573739296,56.21346241674594,10.48645004757374,direct Tashkent observation province,0.02175897748021753,0.011171574050846515,0.011630208365888411,0.016168866891308066,0.010495543734533496,0.010380000732077543,14
2025,Tashkent,2500000,0.7476141795159477,708.4418706874376,0.0002833767482749,12.0,1.0,0.4758381394616572,84666.25296929003,0.033866501187716,12.0,1.0,0.4781712926106988,4876264776.543603,1950.505910617441,12.0,1.0,0.4761904761904761,observed,observed,observed,0.5301933474725153,0.51110923787874,NO2 high variability; CO stable; CH4 very stable,Toshkent viloyati,16,0.0334679592529259,0.0334679592529259,0.0334679592529259,0.0334679592529259,6395.475099904853,4049.317339796266,1977.298712980644,368.8590471279433,direct Tashkent observation province,0.7653682288496674,0.39118677214395453,0.4057931433029153,0.5722001404390181,0.3641913940188896,0.36597711531220656,1
2025,Tashkent,2500000,0.7476141795159477,708.4418706874376,0.0002833767482749,12.0,1.0,0.4758381394616572,84666.25296929003,0.033866501187716,12.0,1.0,0.4781712926106988,4876264776.543603,1950.505910617441,12.0,1.0,0.4761904761904761,observed,observed,observed,0.5301933474725153,0.51110923787874,NO2 high variability; CO stable; CH4 very stable,Sirdaryo viloyati,12,0.0093084840944022,0.0093084840944022,0.0093084840944022,0.0093084840944022,1778.7812454804946,1126.241542420472,549.9484889582349,102.5912141017878,nearest corridor observation anchor is Tashkent,0.21287279367011502,0.10880125133785075,0.11286373906178436,0.15914671898095067,0.10129299408199277,0.10178965891088948,2
2025,Fergana Valley,1300000,0.1431146289299617,135.6159342878245,0.0001000341988082,12.0,4.0,0.2663929815182458,47399.51191803243,0.036569246985693,12.0,4.0,0.2470637425100816,2519490910.015357,1936.225451556246,10.5,4.0,0.2476190476190476,observed,observed,observed,0.241737311000589,0.2436912938438446,NO2 high variability; CO stable; CH4 very stable,Namangan viloyati,12,0.016321452096904,0.016321452096904,0.016321452096904,0.016321452096904,3118.90664414843,1974.7466072604848,964.2770860718728,179.8829508160726,direct Fergana Valley observation province,0.4033876007235655,0.09830204634088986,0.09751383388989397,0.057730666792500634,0.1074596256642423,0.09966245031692658,3
2025,Fergana Valley,1300000,0.1431146289299617,135.6159342878245,0.0001000341988082,12.0,4.0,0.2663929815182458,47399.51191803243,0.036569246985693,12.0,4.0,0.2470637425100816,2519490910.015357,1936.225451556246,10.5,4.0,0.2476190476190476,observed,observed,observed,0.241737311000589,0.2436912938438446,NO2 high variability; CO stable; CH4 very stable,Farg‘ona viloyati,6,0.0147644933563106,0.0147644933563106,0.0147644933563106,0.0147644933563106,2821.3835480494763,1786.3688224667817,872.2914202990157,162.7233052836792,direct Fergana Valley observation province,0.3649070876500571,0.08892468032223162,0.08821165813358105,0.05222354244295093,0.09720868705623856,0.09015531074327748,4
2025,Fergana Valley,1300000,0.1431146289299617,135.6159342878245,0.0001000341988082,12.0,4.0,0.2663929815182458,47399.51191803243,0.036569246985693,12.0,4.0,0.2470637425100816,2519490910.015357,1936.225451556246,10.5,4.0,0.2476190476190476,observed,observed,observed,0.241737311000589,0.2436912938438446,NO2 high variability; CO stable; CH4 very stable,Andijon viloyati,14,0.0093750207927182,0.0093750207927182,0.0093750207927182,0.0093750207927182,1791.4959077069457,1134.2918751039635,553.8795003160492,103.32453228693284,direct Fergana Valley observation province,0.2317053116263775,0.056464567180723145,0.05601181897711401,0.03316041969451016,0.06172466879776497,0.057245981449877546,5
2025,Samarkand,520000,0.0596695267626071,56.543056995127245,0.0001087366480675,12.0,1.0,0.0900665021278609,16025.603289899887,0.030818467865192,12.0,1.0,0.0983175592958203,1002616549.170938,1928.10874840565,11.0,1.0,0.099047619047619,observed,observed,observed,0.0839871070548102,0.0892441835355882,NO2 high variability; CO stable; CH4 very stable,Jizzax viloyati,24,0.0459835122061573,0.0459835122061573,0.0459835122061573,0.0459835122061573,8787.103064700286,5563.584917561032,2716.721949385533,506.79619775372106,nearest eastern-central observation anchor is Samarkand,0.5578785921859863,0.04978741947162173,0.04685460904551124,0.033288351586727286,0.05024617341020718,0.05484926156711446,6
2025,Karakalpakstan,260000,0.0084760050227505,8.03189267779986,3.0891894914614845e-05,12.0,1.0,0.0476799331791607,8483.727867364358,0.0326297225667859,12.0,1.0,0.0493184893755959,502936952.282395,1934.3728933938269,10.0,1.0,0.0495238095238095,observed,observed,observed,0.0398391475478787,0.0433166110736379,NO2 high variability; CO stable; CH4 very stable,Qoraqalpog‘iston respublikasi,16,0.380250577205858,0.3802505772058579,0.3802505772058579,0.3802505772058579,72663.02315794483,46006.84625288603,22465.336808773533,4190.840096285257,direct Karakalpakstan observation province,1.0,0.0433166110736379,0.0398391475478787,0.0084760050227505,0.0476799331791607,0.0493184893755959,7
2025,Samarkand,520000,0.0596695267626071,56.543056995127245,0.0001087366480675,12.0,1.0,0.0900665021278609,16025.603289899887,0.030818467865192,12.0,1.0,0.0983175592958203,1002616549.170938,1928.10874840565,11.0,1.0,0.099047619047619,observed,observed,observed,0.0839871070548102,0.0892441835355882,NO2 high variability; CO stable; CH4 very stable,Samarqand viloyati,12,0.0364421496676492,0.0364421496676492,0.0364421496676491,0.0364421496676491,6963.8205014272135,4409.167210748339,2153.014920674948,401.6383700039257,direct Samarkand observation province,0.44212140781401366,0.039456764063966476,0.037132498009298964,0.026381175175879817,0.039820328717653716,0.043468297728705835,8
2025,Central,280000,0.0191662482780421,18.162005424973863,6.486430508919237e-05,12.0,1.0,0.0504407220084957,8974.957186821011,0.0320534185243607,12.0,1.0,0.0530546051055568,541036875.503698,1932.2745553703496,9.0,1.0,0.0533333333333333,observed,observed,observed,0.044185827262405,0.047439307517484,NO2 high variability; CO stable; CH4 very stable,Navoiy viloyati,20,0.2481552700391901,0.2481552700391901,0.24815527003919,0.24815527003919,47420.604239771645,30024.520776350197,14661.099960104591,2734.9835033168542,nearest western-central observation anchor is Bukhara/Central,0.7396331184928111,0.035087682958296146,0.032681301211277276,0.014175991983695749,0.037307628518172646,0.03924094302462759,9
2025,Khorezm,150000,0.0070018935255436,6.635019350224371,4.423346233482914e-05,12.0,1.0,0.0271842045829497,4836.906820022612,0.0322460454668174,12.0,1.0,0.0283866222107991,289479289.43167377,1929.861929544492,9.0,1.0,0.0285714285714285,observed,observed,observed,0.0231477423714685,0.0250696071895341,NO2 high variability; CO stable; CH4 very stable,Xorazm viloyati,16,0.014132394722309,0.014132394722309,0.014132394722309,0.014132394722309,2700.5942568981923,1709.8906619736117,834.946812399779,155.7567825248015,direct Khorezm observation province,1.0,0.0250696071895341,0.0231477423714685,0.0070018935255436,0.0271842045829497,0.0283866222107991,10
2025,Kashkadarya,240000,0.0149575179651471,14.173797526059072,5.90574896919128e-05,12.0,1.0,0.0423975171216295,7543.823439522645,0.0314325976646776,12.0,1.0,0.0456876888914474,465911006.1724836,1941.295859052015,12.0,1.0,0.0457142857142857,observed,observed,observed,0.0369095172903331,0.0401297589611709,NO2 high variability; CO stable; CH4 very stable,Qashqadaryo viloyati,20,0.0609409619875842,0.0609409619875842,0.0609409619875842,0.0609409619875842,11645.359133206472,7373.29970480994,3600.413302622211,671.6461257743208,direct Kashkadarya observation province,0.588851742317089,0.0236304784830503,0.02173423356449537,0.00880776051451603,0.024965851826990144,0.026903275206169915,11
2025,Kashkadarya,240000,0.0149575179651471,14.173797526059072,5.90574896919128e-05,12.0,1.0,0.0423975171216295,7543.823439522645,0.0314325976646776,12.0,1.0,0.0456876888914474,465911006.1724836,1941.295859052015,12.0,1.0,0.0457142857142857,observed,observed,observed,0.0369095172903331,0.0401297589611709,NO2 high variability; CO stable; CH4 very stable,Surxondaryo viloyati,16,0.0425502185730539,0.0425502185730539,0.0425502185730539,0.0425502185730539,8131.026493815416,5148.187751092867,2513.8817633223102,468.9569794002381,southern corridor anchored by Qarshi/Kashkadarya,0.41114825768291097,0.0164992804781206,0.015175283725837731,0.006149757450631069,0.017431665294639357,0.018784413685277484,12
2025,Central,280000,0.0191662482780421,18.162005424973863,6.486430508919237e-05,12.0,1.0,0.0504407220084957,8974.957186821011,0.0320534185243607,12.0,1.0,0.0530546051055568,541036875.503698,1932.2745553703496,9.0,1.0,0.0533333333333333,observed,observed,observed,0.044185827262405,0.047439307517484,NO2 high variability; CO stable; CH4 very stable,Buxoro viloyati,14,0.0873560312190188,0.0873560312190188,0.0873560312190188,0.0873560312190188,16693.080037107517,10569.281780156098,5161.024811674528,962.7734452768924,direct Central observation province,0.2603668815071888,0.012351624559187847,0.011504526051127714,0.004990256294346349,0.013133093490323048,0.0138136620809292,13
2025,Tashkent,2500000,0.7476141795159477,708.4418706874376,0.0002833767482749,12.0,1.0,0.4758381394616572,84666.25296929003,0.033866501187716,12.0,1.0,0.4781712926106988,4876264776.543603,1950.505910617441,12.0,1.0,0.4761904761904761,observed,observed,observed,0.5301933474725153,0.51110923787874,NO2 high variability; CO stable; CH4 very stable,Toshkent shahri,6,0.0009514747859181,0.0009514747859181,0.0009514747859181,0.0009514747859181,181.81966983824924,115.1197573739296,56.21346241674594,10.48645004757374,direct Tashkent observation province,0.02175897748021753,0.011121214396934647,0.01153646510781561,0.016267320095978813,0.010353751360774809,0.010404518387602703,14
2026,Tashkent,2500000,0.749774194737535,671.2737712814501,0.0002685095085125,5.0,1.0,0.4738465527235824,81631.70192235886,0.0326526807689435,5.0,1.0,0.4763987610157867,4813254223.133581,1925.3016892534324,5.0,1.0,0.4761904761904761,observed,observed,observed,0.5290320811263729,0.509723731005587,CO stable; CH4 very stable,Toshkent viloyati,16,0.0334679592529259,0.0334679592529259,0.0334679592529259,0.0334679592529259,6395.475099904853,4049.317339796266,1977.298712980644,368.8590471279433,direct Tashkent observation province,0.7653682288496674,0.3901263492023904,0.4049043469363456,0.5738533474634527,0.36266709680456877,0.36462047594482866,1
2026,Tashkent,2500000,0.749774194737535,671.2737712814501,0.0002685095085125,5.0,1.0,0.4738465527235824,81631.70192235886,0.0326526807689435,5.0,1.0,0.4763987610157867,4813254223.133581,1925.3016892534324,5.0,1.0,0.4761904761904761,observed,observed,observed,0.5290320811263729,0.509723731005587,CO stable; CH4 very stable,Sirdaryo viloyati,12,0.0093084840944022,0.0093084840944022,0.0093084840944022,0.0093084840944022,1778.7812454804946,1126.241542420472,549.9484889582349,102.5912141017878,nearest corridor observation anchor is Tashkent,0.21287279367011502,0.10850631461911353,0.11261653705048594,0.15960652745553994,0.10086903944922243,0.101412335158412,2
2026,Fergana Valley,1300000,0.1486147199598942,133.0549440559728,9.74343491728919e-05,5.0,4.0,0.2689528795128311,46333.73644982278,0.0356622111871859,5.0,4.0,0.2483426987565899,2509109261.7995634,1927.7205503639943,4.75,4.0,0.2476190476190476,observed,observed,observed,0.2448852476022436,0.2461536015132903,CO stable; CH4 very stable,Namangan viloyati,12,0.016321452096904,0.016321452096904,0.016321452096904,0.016321452096904,3118.90664414843,1974.7466072604848,964.2770860718728,179.8829508160726,direct Fergana Valley observation province,0.4033876007235655,0.09929531072391079,0.0987836724828653,0.0599493353168263,0.10849225677437513,0.10017836540863599,3
2026,Fergana Valley,1300000,0.1486147199598942,133.0549440559728,9.74343491728919e-05,5.0,4.0,0.2689528795128311,46333.73644982278,0.0356622111871859,5.0,4.0,0.2483426987565899,2509109261.7995634,1927.7205503639943,4.75,4.0,0.2476190476190476,observed,observed,observed,0.2448852476022436,0.2461536015132903,CO stable; CH4 very stable,Farg‘ona viloyati,6,0.0147644933563106,0.0147644933563106,0.0147644933563106,0.0147644933563106,2821.3835480494763,1786.3688224667817,872.2914202990157,162.7233052836792,direct Fergana Valley observation province,0.3649070876500571,0.08982319384278745,0.08936036251099783,0.0542305646424938,0.0981428119781239,0.09062201094242267,4
2026,Fergana Valley,1300000,0.1486147199598942,133.0549440559728,9.74343491728919e-05,5.0,4.0,0.2689528795128311,46333.73644982278,0.0356622111871859,5.0,4.0,0.2483426987565899,2509109261.7995634,1927.7205503639943,4.75,4.0,0.2476190476190476,observed,observed,observed,0.2448852476022436,0.2461536015132903,CO stable; CH4 very stable,Andijon viloyati,14,0.0093750207927182,0.0093750207927182,0.0093750207927182,0.0093750207927182,1791.4959077069457,1134.2918751039635,553.8795003160492,103.32453228693284,direct Fergana Valley observation province,0.2317053116263775,0.057035096946592076,0.05674121260838046,0.03443482000057411,0.06231781076033209,0.057542322405531254,5
2026,Samarkand,520000,0.0553463824786203,49.55168523266475,9.529170237050914e-05,5.0,1.0,0.0885911314908892,15261.99736446633,0.029349994931666,5.0,1.0,0.0982737878874887,992900828.6340069,1909.4246704500129,5.0,1.0,0.099047619047619,observed,observed,observed,0.0819421816884354,0.0879333745271842,CO stable; CH4 very stable,Jizzax viloyati,24,0.0459835122061573,0.0459835122061573,0.0459835122061573,0.0459835122061573,8787.103064700286,5563.584917561032,2716.721949385533,506.79619775372106,nearest eastern-central observation anchor is Samarkand,0.5578785921859863,0.04905614718738859,0.045713788960992645,0.030876561939759836,0.049423095716300866,0.05482484243545643,6
2026,Karakalpakstan,260000,0.0082482992448796,7.3847125969792815,2.8402740757612625e-05,5.0,1.0,0.0481009141602689,8286.563370261752,0.0318713975779298,5.0,1.0,0.0494054364061367,499163610.1667254,1919.86003910279,3.0,1.0,0.0495238095238095,observed,observed,observed,0.040130391177191,0.043532909207411,CO stable; CH4 very stable,Qoraqalpog‘iston respublikasi,16,0.380250577205858,0.3802505772058579,0.3802505772058579,0.3802505772058579,72663.02315794483,46006.84625288603,22465.336808773533,4190.840096285257,direct Karakalpakstan observation province,1.0,0.043532909207411,0.040130391177191,0.0082482992448796,0.0481009141602689,0.0494054364061367,7
2026,Samarkand,520000,0.0553463824786203,49.55168523266475,9.529170237050914e-05,5.0,1.0,0.0885911314908892,15261.99736446633,0.029349994931666,5.0,1.0,0.0982737878874887,992900828.6340069,1909.4246704500129,5.0,1.0,0.099047619047619,observed,observed,observed,0.0819421816884354,0.0879333745271842,CO stable; CH4 very stable,Samarqand viloyati,12,0.0364421496676492,0.0364421496676492,0.0364421496676491,0.0364421496676491,6963.8205014272135,4409.167210748339,2153.014920674948,401.6383700039257,direct Samarkand observation province,0.44212140781401366,0.0388772273397956,0.03622839272744275,0.024469820538860466,0.03916803577458833,0.04344894545203226,8
2026,Central,280000,0.0166443648758262,14.901720623622657,5.322043079865234e-05,5.0,1.0,0.05083255495251,8757.155560137326,0.031275555571919,5.0,1.0,0.0531942618089139,537443684.262109,1919.4417295075325,4.0,1.0,0.0533333333333333,observed,observed,observed,0.0439949169371732,0.0473696645550743,CO stable; CH4 very stable,Navoiy viloyati,20,0.2481552700391901,0.2481552700391901,0.24815527003919,0.24815527003919,47420.604239771645,30024.520776350197,14661.099960104591,2734.9835033168542,nearest western-central observation anchor is Bukhara/Central,0.7396331184928111,0.03503617271682798,0.03254009761207361,0.012310723498439544,0.03759744114048216,0.03934423774765003,9
2026,Khorezm,150000,0.0073900964238392,6.6163625413924425,4.410908360928295e-05,5.0,1.0,0.0279061216902474,4807.514573090568,0.0320500971539371,5.0,1.0,0.0286174598715998,289134063.42332923,1927.560422822195,4.0,1.0,0.0285714285714285,observed,observed,observed,0.0238029166369657,0.0255691150498848,CO stable; CH4 very stable,Xorazm viloyati,16,0.014132394722309,0.014132394722309,0.014132394722309,0.014132394722309,2700.5942568981923,1709.8906619736117,834.946812399779,155.7567825248015,direct Khorezm observation province,1.0,0.0255691150498848,0.0238029166369657,0.0073900964238392,0.0279061216902474,0.0286174598715998,10
2026,Kashkadarya,240000,0.0139819422794053,12.518050353842264,5.215854314100944e-05,5.0,1.0,0.041769845469671,7195.881356790715,0.0299828389866279,5.0,1.0,0.0457675942534842,462408982.4531413,1926.7040935547552,5.0,1.0,0.0457142857142857,observed,observed,observed,0.0362122648316178,0.0397176041415683,CO stable; CH4 very stable,Qashqadaryo viloyati,20,0.0609409619875842,0.0609409619875842,0.0609409619875842,0.0609409619875842,11645.359133206472,7373.29970480994,3600.413302622211,671.6461257743208,direct Kashkadarya observation province,0.588851742317089,0.023387780399422926,0.02132365523934599,0.008233291072204782,0.02459624628113134,0.026950327617825762,11
2026,Kashkadarya,240000,0.0139819422794053,12.518050353842264,5.215854314100944e-05,5.0,1.0,0.041769845469671,7195.881356790715,0.0299828389866279,5.0,1.0,0.0457675942534842,462408982.4531413,1926.7040935547552,5.0,1.0,0.0457142857142857,observed,observed,observed,0.0362122648316178,0.0397176041415683,CO stable; CH4 very stable,Surxondaryo viloyati,16,0.0425502185730539,0.0425502185730539,0.0425502185730539,0.0425502185730539,8131.026493815416,5148.187751092867,2513.8817633223102,468.9569794002381,southern corridor anchored by Qarshi/Kashkadarya,0.41114825768291097,0.016329823742145377,0.01488860959227181,0.005748651207200518,0.017173599188539664,0.018817266635658438,12
2026,Central,280000,0.0166443648758262,14.901720623622657,5.322043079865234e-05,5.0,1.0,0.05083255495251,8757.155560137326,0.031275555571919,5.0,1.0,0.0531942618089139,537443684.262109,1919.4417295075325,4.0,1.0,0.0533333333333333,observed,observed,observed,0.0439949169371732,0.0473696645550743,CO stable; CH4 very stable,Buxoro viloyati,14,0.0873560312190188,0.0873560312190188,0.0873560312190188,0.0873560312190188,16693.080037107517,10569.281780156098,5161.024811674528,962.7734452768924,direct Central observation province,0.2603668815071888,0.012333491838246311,0.011454819325099588,0.004333641377386656,0.013235113812027835,0.013850024061263863,13
2026,Tashkent,2500000,0.749774194737535,671.2737712814501,0.0002685095085125,5.0,1.0,0.4738465527235824,81631.70192235886,0.0326526807689435,5.0,1.0,0.4763987610157867,4813254223.133581,1925.3016892534324,5.0,1.0,0.4761904761904761,observed,observed,observed,0.5290320811263729,0.509723731005587,CO stable; CH4 very stable,Toshkent shahri,6,0.0009514747859181,0.0009514747859181,0.0009514747859181,0.0009514747859181,181.81966983824924,115.1197573739296,56.21346241674594,10.48645004757374,direct Tashkent observation province,0.02175897748021753,0.011091067184083026,0.011511197139541362,0.01631431981854226,0.010310416469791138,0.010365949912546036,14
